ts,underlying,tradingsymbol,expiry,strike,right,spot,price,iv,confidence
2026-02-19T12:30:56,360ONE,360ONE26FEB1100CE,2026-02-24,1100,CE,1100.1,15.6,0.2901658894767761,high
2026-02-19T12:30:57,ABB,ABB26FEB5850CE,2026-02-24,5850,CE,5826.0,130.22500000000002,0.5059960531817673,high
2026-02-19T12:30:58,ABCAPITAL,ABCAPITAL26FEB350CE,2026-02-24,350,CE,348.2,3.4000000000000004,0.2491102183666229,high
2026-02-19T12:30:59,ADANIENSOL,ADANIENSOL26FEB1010CE,2026-02-24,1010,CE,1011.6,16.975,0.3291568561048507,high
2026-02-19T12:31:00,ADANIENT,ADANIENT26FEB2180CE,2026-02-24,2180,CE,2170.1,26.025,0.2908024669556618,high
2026-02-19T12:31:02,ADANIGREEN,ADANIGREEN26FEB990CE,2026-02-24,990,CE,991.35,17.425,0.3484616045937537,high
2026-02-19T12:31:03,ADANIPORTS,ADANIPORTS26FEB1540CE,2026-02-24,1540,CE,1532.0,14.05,0.2369222630405426,high
2026-02-19T12:31:04,ALKEM,ALKEM26FEB5400CE,2026-02-24,5400,CE,5408.5,41.725,0.1363382530059814,high
2026-02-19T12:31:05,AMBER,AMBER26FEB7800CE,2026-02-24,7800,CE,7836.0,136.825,0.3093931519429683,high
2026-02-19T12:31:06,AMBUJACEM,AMBUJACEM26FEB520CE,2026-02-24,520,CE,519.55,4.95,0.2018079817333221,high
2026-02-19T12:31:07,ANGELONE,ANGELONE26FEB2550CE,2026-02-24,2550,CE,2526.9,33.6,0.3608069161505699,high
2026-02-19T12:31:08,APLAPOLLO,APLAPOLLO26FEB2220CE,2026-02-24,2220,CE,2216.3,19.775,0.1972982952115535,high
2026-02-19T12:31:09,APOLLOHOSP,APOLLOHOSP26FEB7650CE,2026-02-24,7650,CE,7639.0,47.975,0.1390437072912454,high
2026-02-19T12:31:10,ASHOKLEY,ASHOKLEY26FEB207.5CE,2026-02-24,208,CE,207.18,2.08,0.2435312247314452,high
2026-02-19T12:31:11,ASIANPAINT,ASIANPAINT26FEB2400CE,2026-02-24,2400,CE,2402.9,21.4,0.1660213601675033,high
2026-02-19T12:31:12,ASTRAL,ASTRAL26FEB1640CE,2026-02-24,1640,CE,1638.1,10.65,0.140849131620407,high
2026-02-19T12:31:13,AUBANK,AUBANK26FEB1020CE,2026-02-24,1020,CE,1023.3,12.575,0.2146873508005142,high
2026-02-19T12:31:14,AUROPHARMA,AUROPHARMA26FEB1190CE,2026-02-24,1190,CE,1192.3,19.425,0.3149614167442321,high
2026-02-19T12:31:15,AXISBANK,AXISBANK26FEB1360CE,2026-02-24,1360,CE,1364.7,11.45,0.1273594111127853,high
2026-02-19T12:31:16,BAJAJ-AUTO,BAJAJ-AUTO26FEB9800CE,2026-02-24,9800,CE,9829.0,86.85,0.1435629305542707,high
2026-02-19T12:31:17,BAJAJFINSV,BAJAJFINSV26FEB2040CE,2026-02-24,2040,CE,2049.1,18.025,0.122545740963459,high
2026-02-19T12:31:19,BAJAJHLDNG,BAJAJHLDNG26FEB11300CE,2026-02-24,11300,CE,11309.0,108.125,0.1845896934174895,high
2026-02-19T12:31:20,BAJFINANCE,BAJFINANCE26FEB1020CE,2026-02-24,1020,CE,1019.35,8.925,0.1830778219051361,high
2026-02-19T12:31:21,BANDHANBNK,BANDHANBNK26FEB172.5CE,2026-02-24,172,CE,171.36,1.985,0.2741632376480102,high
2026-02-19T12:31:22,BANKBARODA,BANKBARODA26FEB302.5CE,2026-02-24,302,CE,303.85,4.325,0.2209291479530334,high
2026-02-19T12:31:23,BANKINDIA,BANKINDIA26FEB172CE,2026-02-24,172,CE,172.19,2.56,0.2938089246368408,high
2026-02-19T12:31:24,BANKNIFTY,BANKNIFTY26FEB61100CE,2026-02-24,61100,CE,61104.35,338.375,0.1072683285049498,high
2026-02-19T12:31:25,BDL,BDL26FEB1300CE,2026-02-24,1300,CE,1293.4,15.1,0.2891883734979629,high
2026-02-19T12:31:26,BEL,BEL26FEB440CE,2026-02-24,440,CE,441.25,5.574999999999999,0.2267560968608856,high
2026-02-19T12:31:27,BHARATFORG,BHARATFORG26FEB1760CE,2026-02-24,1760,CE,1763.1,23.1,0.2490601504750251,high
2026-02-19T12:31:28,BHARTIARTL,BHARTIARTL26FEB2000CE,2026-02-24,2000,CE,2006.4,19.35,0.158082023071289,high
2026-02-19T12:31:29,BHEL,BHEL26FEB257.5CE,2026-02-24,258,CE,256.6,3.025,0.2949342601051331,high
2026-02-19T12:31:30,BIOCON,BIOCON26FEB385CE,2026-02-24,385,CE,384.75,4.8,0.2619275986156464,high
2026-02-19T12:31:31,BLUESTARCO,BLUESTARCO26FEB1980CE,2026-02-24,1980,CE,1989.0,31.075,0.2707538526487351,high
2026-02-19T12:31:32,BOSCHLTD,BOSCHLTD26FEB35500CE,2026-02-24,35500,CE,35510.0,361.775,0.203553503406465,high
2026-02-19T12:31:33,BPCL,BPCL26FEB375CE,2026-02-24,375,CE,373.15,3.675,0.248938557024002,high
2026-02-19T12:31:34,BRITANNIA,BRITANNIA26FEB6100CE,2026-02-24,6100,CE,6114.5,67.575,0.1983097858310938,high
2026-02-19T12:31:35,BSE,BSE26FEB2750CE,2026-02-24,2750,CE,2763.6,47.650000000000006,0.3008088927192688,high
2026-02-19T12:31:36,CAMS,CAMS26FEB730CE,2026-02-24,730,CE,731.1,9.05,0.2365312566490173,high
2026-02-19T12:31:37,CANBK,CANBK26FEB151CE,2026-02-24,151,CE,151.41,1.925,0.2299127582168579,high
2026-02-19T12:31:38,CDSL,CDSL26FEB1340CE,2026-02-24,1340,CE,1333.2,14.55,0.272971144990921,high
2026-02-19T12:31:40,CGPOWER,CGPOWER26FEB700CE,2026-02-24,700,CE,704.85,12.1,0.2749166402072905,high
2026-02-19T12:31:41,CHOLAFIN,CHOLAFIN26FEB1700CE,2026-02-24,1700,CE,1703.5,21.375,0.2339110369887352,high
2026-02-19T12:31:42,CIPLA,CIPLA26FEB1340CE,2026-02-24,1340,CE,1343.1,10.15,0.123935721001625,high
2026-02-19T12:31:43,COALINDIA,COALINDIA26FEB417.5CE,2026-02-24,418,CE,416.25,3.275,0.1996431414680481,high
2026-02-19T12:31:44,COFORGE,COFORGE26FEB1380CE,2026-02-24,1380,CE,1383.1,28.525,0.4035529746484756,high
2026-02-19T12:31:45,COLPAL,COLPAL26FEB2180CE,2026-02-24,2180,CE,2178.2,20.425,0.1982173986501694,high
2026-02-19T12:31:46,CONCOR,CONCOR26FEB505CE,2026-02-24,505,CE,506.3,5.699999999999999,0.2004203858804703,high
2026-02-19T12:31:47,CROMPTON,CROMPTON26FEB270CE,2026-02-24,270,CE,269.99,2.995,0.2261743556442261,high
2026-02-19T12:31:48,CUMMINSIND,CUMMINSIND26FEB4750CE,2026-02-24,4750,CE,4725.5,40.0,0.2214882394092083,high
2026-02-19T12:31:49,DABUR,DABUR26FEB505CE,2026-02-24,505,CE,504.9,4.475,0.1806840998497009,high
2026-02-19T12:31:50,DALBHARAT,DALBHARAT26FEB2100CE,2026-02-24,2100,CE,2105.4,30.7,0.2714309612779617,high
2026-02-19T12:31:51,DELHIVERY,DELHIVERY26FEB430CE,2026-02-24,430,CE,430.4,5.325,0.2427873589134216,high
2026-02-19T12:31:52,DIVISLAB,DIVISLAB26FEB6300CE,2026-02-24,6300,CE,6321.5,66.85,0.1756117455937862,high
2026-02-19T12:31:53,DIXON,DIXON26FEB11300CE,2026-02-24,11300,CE,11256.0,170.55,0.3515103815642595,high
2026-02-19T12:31:54,DLF,DLF26FEB630CE,2026-02-24,630,CE,627.3,7.05,0.2723417200679779,high
2026-02-19T12:31:55,DMART,DMART26FEB3850CE,2026-02-24,3850,CE,3866.0,44.225,0.1850769612910747,high
2026-02-19T12:31:56,DRREDDY,DRREDDY26FEB1290CE,2026-02-24,1290,CE,1288.3,7.775,0.1326332290277481,high
2026-02-19T12:31:57,EICHERMOT,EICHERMOT26FEB7950CE,2026-02-24,7950,CE,7957.0,85.35,0.2084091948219537,high
2026-02-19T12:31:58,ETERNAL,ETERNAL26FEB275CE,2026-02-24,275,CE,275.15,3.95,0.2890310172672271,high
2026-02-19T12:31:59,EXIDEIND,EXIDEIND26FEB340CE,2026-02-24,340,CE,338.25,3.0,0.2300462725944519,high
2026-02-19T12:32:00,FEDERALBNK,FEDERALBNK26FEB287.5CE,2026-02-24,288,CE,288.9,3.475,0.2104196590881348,high
2026-02-19T12:32:01,FINNIFTY,FINNIFTY26FEB28200CE,2026-02-24,28200,CE,28220.75,175.55,0.1142468389195502,high
2026-02-19T12:32:02,FORTIS,FORTIS26FEB920CE,2026-02-24,920,CE,918.85,9.125,0.2143631015977859,high
2026-02-19T12:32:03,GAIL,GAIL26FEB167CE,2026-02-24,167,CE,167.07,1.45,0.1700601700897216,high
2026-02-19T12:32:04,GLENMARK,GLENMARK26FEB2040CE,2026-02-24,2040,CE,2035.8,22.625,0.2476725546221733,high
2026-02-19T12:32:05,GMRAIRPORT,GMRAIRPORT26FEB100CE,2026-02-24,100,CE,100.25,1.18,0.2122507134094238,high
2026-02-19T12:32:06,GODREJCP,GODREJCP26FEB1200CE,2026-02-24,1200,CE,1200.0,10.025,0.167766583817482,high
2026-02-19T12:32:07,GODREJPROP,GODREJPROP26FEB1860CE,2026-02-24,1860,CE,1855.0,21.55,0.2646741800975799,high
2026-02-19T12:32:08,GRASIM,GRASIM26FEB2880CE,2026-02-24,2880,CE,2882.3,25.4,0.1686773426074981,high
2026-02-19T12:32:09,HAL,HAL26FEB4150CE,2026-02-24,4150,CE,4172.0,58.7,0.2279112346456051,high
2026-02-19T12:32:11,HAVELLS,HAVELLS26FEB1410CE,2026-02-24,1410,CE,1411.4,12.025,0.1602683210043907,high
2026-02-19T12:32:12,HCLTECH,HCLTECH26FEB1460CE,2026-02-24,1460,CE,1466.9,19.225,0.2141556774754524,high
2026-02-19T12:32:13,HDFCAMC,HDFCAMC26FEB2740CE,2026-02-24,2740,CE,2746.0,33.7,0.2265582094798088,high
2026-02-19T12:32:14,HDFCBANK,HDFCBANK26FEB920CE,2026-02-24,920,CE,919.0,7.025,0.1642952100000381,high
2026-02-19T12:32:15,HDFCLIFE,HDFCLIFE26FEB730CE,2026-02-24,730,CE,728.7,5.1,0.1577530054979324,high
2026-02-19T12:32:16,HEROMOTOCO,HEROMOTOCO26FEB5500CE,2026-02-24,5500,CE,5481.5,52.525,0.2282199866437912,high
2026-02-19T12:32:17,HINDALCO,HINDALCO26FEB910CE,2026-02-24,910,CE,910.5,12.1,0.2663955618944168,high
2026-02-19T12:32:18,HINDPETRO,HINDPETRO26FEB445CE,2026-02-24,445,CE,445.5,5.550000000000001,0.2424821831932067,high
2026-02-19T12:32:19,HINDUNILVR,HINDUNILVR26FEB2300CE,2026-02-24,2300,CE,2304.0,20.025,0.1553104076435565,high
2026-02-19T12:32:20,HINDZINC,HINDZINC26FEB585CE,2026-02-24,585,CE,587.3,11.15,0.3499278785619736,high
2026-02-19T12:32:21,HUDCO,HUDCO26FEB197.5CE,2026-02-24,198,CE,197.12,2.67,0.3228578385047912,high
2026-02-19T12:32:22,ICICIBANK,ICICIBANK26FEB1390CE,2026-02-24,1390,CE,1392.3,10.075,0.1251230452880859,high
2026-02-19T12:32:23,ICICIGI,ICICIGI26FEB1940CE,2026-02-24,1940,CE,1937.2,15.425,0.174714099822998,high
2026-02-19T12:32:24,ICICIPRULI,ICICIPRULI26FEB650CE,2026-02-24,650,CE,651.3,6.300000000000001,0.1732454416694641,high
2026-02-19T12:32:25,IDEA,IDEA26FEB11CE,2026-02-24,11,CE,11.42,0.515,0.4574594046020508,high
2026-02-19T12:32:26,IDFCFIRSTB,IDFCFIRSTB26FEB85CE,2026-02-24,85,CE,84.56,0.6799999999999999,0.2126321830596924,high
2026-02-19T12:32:28,IEX,IEX26FEB125CE,2026-02-24,125,CE,125.03,1.58,0.2559099148826599,high
2026-02-19T12:32:29,INDHOTEL,INDHOTEL26FEB680CE,2026-02-24,680,CE,681.55,6.85,0.1780424225215912,high
2026-02-19T12:32:30,INDIANB,INDIANB26FEB940CE,2026-02-24,940,CE,937.45,9.7,0.238023756655693,high
2026-02-19T12:32:31,INDIGO,INDIGO26FEB4900CE,2026-02-24,4900,CE,4893.5,44.425,0.1971236536372899,high
2026-02-19T12:32:32,INDUSINDBK,INDUSINDBK26FEB940CE,2026-02-24,940,CE,937.2,8.65,0.2169714003314972,high
2026-02-19T12:32:33,INDUSTOWER,INDUSTOWER26FEB475CE,2026-02-24,475,CE,473.75,4.675,0.2270660409517288,high
2026-02-19T12:32:34,INFY,INFY26FEB1380CE,2026-02-24,1380,CE,1385.3,21.9,0.2830657856111526,high
2026-02-19T12:32:35,INOXWIND,INOXWIND26FEB97.5CE,2026-02-24,98,CE,98.23,2.35,0.4725656027526855,high
2026-02-19T12:32:36,IOC,IOC26FEB176CE,2026-02-24,176,CE,176.3,1.83,0.1917657931900024,high
2026-02-19T12:32:37,IRCTC,IRCTC26FEB635CE,2026-02-24,635,CE,632.6,5.775,0.2226362246379852,high
2026-02-19T12:32:38,IREDA,IREDA26FEB127CE,2026-02-24,127,CE,126.61,1.96,0.3503045798416137,high
2026-02-19T12:32:39,IRFC,IRFC26FEB112CE,2026-02-24,112,CE,112.26,1.365,0.2226266878967285,high
2026-02-19T12:32:40,ITC,ITC26FEB327.5CE,2026-02-24,328,CE,328.65,2.625,0.137320537355423,high
2026-02-19T12:32:41,JINDALSTEL,JINDALSTEL26FEB1220CE,2026-02-24,1220,CE,1217.7,11.625,0.2127561606960297,high
2026-02-19T12:32:42,JIOFIN,JIOFIN26FEB260CE,2026-02-24,260,CE,260.6,2.75,0.1884660807151794,high
2026-02-19T12:32:43,JSWENERGY,JSWENERGY26FEB485CE,2026-02-24,485,CE,485.95,5.625,0.2143440281152725,high
2026-02-19T12:32:44,JSWSTEEL,JSWSTEEL26FEB1240CE,2026-02-24,1240,CE,1236.1,10.0,0.1944122388887405,high
2026-02-19T12:32:45,JUBLFOOD,JUBLFOOD26FEB525CE,2026-02-24,525,CE,525.8,6.699999999999999,0.2440938924655914,high
2026-02-19T12:32:46,KALYANKJIL,KALYANKJIL26FEB410CE,2026-02-24,410,CE,409.95,6.025,0.303402886341095,high
2026-02-19T12:32:47,KAYNES,KAYNES26FEB3950CE,2026-02-24,3950,CE,3941.3,78.725,0.4366412944849729,high
2026-02-19T12:32:48,KEI,KEI26FEB4600CE,2026-02-24,4600,CE,4605.4,58.2,0.2457485170736312,high
2026-02-19T12:32:49,KFINTECH,KFINTECH26FEB1040CE,2026-02-24,1040,CE,1031.2,12.025,0.3202924551067352,high
2026-02-19T12:32:50,KOTAKBANK,KOTAKBANK26FEB422.5CE,2026-02-24,422,CE,422.1,3.0,0.1387415118026733,high
2026-02-19T12:32:51,KPITTECH,KPITTECH26FEB860CE,2026-02-24,860,CE,858.0,14.2,0.3654393882160186,high
2026-02-19T12:32:52,LAURUSLABS,LAURUSLABS26FEB1040CE,2026-02-24,1040,CE,1037.3,11.275,0.2479324308214187,high
2026-02-19T12:32:53,LICHSGFIN,LICHSGFIN26FEB525CE,2026-02-24,525,CE,525.55,6.275,0.2323350904960632,high
2026-02-19T12:32:54,LICI,LICI26FEB870CE,2026-02-24,870,CE,872.25,7.65,0.1468143632764816,high
2026-02-19T12:32:55,LODHA,LODHA26FEB1070CE,2026-02-24,1070,CE,1072.9,14.8,0.2530775027294158,high
2026-02-19T12:32:56,LT,LT26FEB4300CE,2026-02-24,4300,CE,4299.0,25.0,0.1165173283965587,high
2026-02-19T12:32:57,LTF,LTF26FEB300CE,2026-02-24,300,CE,298.4,2.9000000000000004,0.2499494515972137,high
2026-02-19T12:32:58,LTIM,LTIM26FEB5050CE,2026-02-24,5050,CE,5033.0,61.725,0.285134662417531,high
2026-02-19T12:32:59,LUPIN,LUPIN26FEB2240CE,2026-02-24,2240,CE,2242.5,23.575,0.2012667716670036,high
2026-02-19T12:33:00,M&M,M&M26FEB3450CE,2026-02-24,3450,CE,3446.0,36.25,0.225891829684496,high
2026-02-19T12:33:02,MANAPPURAM,MANAPPURAM26FEB305CE,2026-02-24,305,CE,307.5,5.75,0.2923402664833069,high
2026-02-19T12:33:03,MANKIND,MANKIND26FEB2060CE,2026-02-24,2060,CE,2066.9,27.55,0.2356920234184265,high
2026-02-19T12:33:04,MARICO,MARICO26FEB780CE,2026-02-24,780,CE,780.75,6.925,0.1680765279083251,high
2026-02-19T12:33:05,MARUTI,MARUTI26FEB15100CE,2026-02-24,15100,CE,15115.0,112.725,0.1376578995773792,high
2026-02-19T12:33:06,MAXHEALTH,MAXHEALTH26FEB1080CE,2026-02-24,1080,CE,1083.25,13.325,0.2176580457019806,high
2026-02-19T12:33:07,MAZDOCK,MAZDOCK26FEB2360CE,2026-02-24,2360,CE,2368.9,33.599999999999994,0.2490482295484543,high
2026-02-19T12:33:08,MCX,MCX26FEB2400CE,2026-02-24,2400,CE,2406.0,50.575,0.4092452170860767,high
2026-02-19T12:33:09,MFSL,MFSL26FEB1840CE,2026-02-24,1840,CE,1840.7,16.35,0.1748190039768219,high
2026-02-19T12:33:10,MIDCPNIFTY,MIDCPNIFTY26FEB13575CE,2026-02-24,13575,CE,13579.05,109.35,0.1581273225922584,high
2026-02-19T12:33:11,MOTHERSON,MOTHERSON26FEB132CE,2026-02-24,132,CE,131.99,1.79,0.2788934613113403,high
2026-02-19T12:33:12,MPHASIS,MPHASIS26FEB2400CE,2026-02-24,2400,CE,2399.5,39.0,0.3372809675629138,high
2026-02-19T12:33:13,MUTHOOTFIN,MUTHOOTFIN26FEB3450CE,2026-02-24,3450,CE,3436.5,43.175,0.2968666423022747,high
2026-02-19T12:33:14,NATIONALUM,NATIONALUM26FEB342.5CE,2026-02-24,342,CE,343.1,5.425,0.2903566243019104,high
2026-02-19T12:33:15,NAUKRI,NAUKRI26FEB1120CE,2026-02-24,1120,CE,1111.3,10.225,0.2610263765668869,high
2026-02-19T12:33:16,NBCC,NBCC26FEB96CE,2026-02-24,96,CE,96.0,1.7,0.3659066885375976,high
2026-02-19T12:33:17,NESTLEIND,NESTLEIND26FEB1290CE,2026-02-24,1290,CE,1286.0,7.875,0.1521716276774406,high
2026-02-19T12:33:18,NHPC,NHPC26FEB76CE,2026-02-24,76,CE,75.65,0.66,0.2219018955612183,high
2026-02-19T12:33:19,NIFTY,NIFTY26FEB25600CE,2026-02-24,25600,CE,25613.45,158.97500000000002,0.11637859861359,high
2026-02-19T12:33:20,NIFTYNXT50,NIFTYNXT5026FEB69600CE,2026-02-24,69600,CE,69630.4,537.2,0.1494275048866123,high
2026-02-19T12:33:21,NMDC,NMDC26FEB80CE,2026-02-24,80,CE,80.1,1.13,0.2761087328643798,high
2026-02-19T12:33:22,NTPC,NTPC26FEB365CE,2026-02-24,365,CE,365.75,2.75,0.1263437481689452,high
2026-02-19T12:33:23,NUVAMA,NUVAMA26FEB1300CE,2026-02-24,1300,CE,1306.8,22.75,0.3010473112506867,high
2026-02-19T12:33:24,NYKAA,NYKAA26FEB270CE,2026-02-24,270,CE,269.61,3.275,0.2632913526153564,high
2026-02-19T12:33:25,OBEROIRLTY,OBEROIRLTY26FEB1520CE,2026-02-24,1520,CE,1514.1,13.0,0.2120742836961746,high
2026-02-19T12:33:26,OFSS,OFSS26FEB6700CE,2026-02-24,6700,CE,6701.0,102.025,0.3117272693655491,high
2026-02-19T12:33:27,OIL,OIL26FEB460CE,2026-02-24,460,CE,462.3,7.925,0.2980623112373353,high
2026-02-19T12:33:28,ONGC,ONGC26FEB269.75CE,2026-02-24,270,CE,270.45,2.4000000000000004,0.160084738735199,high
2026-02-19T12:33:30,PAGEIND,PAGEIND26FEB33000CE,2026-02-24,33000,CE,32960.0,324.1,0.2119245270561277,high
2026-02-19T12:33:31,PATANJALI,PATANJALI26FEB535CE,2026-02-24,535,CE,533.9,5.075,0.213628772521019,high
2026-02-19T12:33:32,PAYTM,PAYTM26FEB1160CE,2026-02-24,1160,CE,1162.6,20.325,0.3369006900053024,high
2026-02-19T12:33:33,PERSISTENT,PERSISTENT26FEB5400CE,2026-02-24,5400,CE,5351.0,74.5,0.3744361114990711,high
2026-02-19T12:33:34,PETRONET,PETRONET26FEB302.5CE,2026-02-24,302,CE,302.55,3.4000000000000004,0.2087411926269531,high
2026-02-19T12:33:35,PFC,PFC26FEB415CE,2026-02-24,415,CE,414.45,2.6500000000000004,0.1403246108512878,high
2026-02-19T12:33:36,PGEL,PGEL26FEB620CE,2026-02-24,620,CE,617.6,7.800000000000001,0.2978620396709442,high
2026-02-19T12:33:37,PHOENIXLTD,PHOENIXLTD26FEB1760CE,2026-02-24,1760,CE,1750.5,12.0,0.1891527260856628,high
2026-02-19T12:33:38,PIDILITIND,PIDILITIND26FEB1460CE,2026-02-24,1460,CE,1464.9,13.475,0.1464328936262131,high
2026-02-19T12:33:39,PIIND,PIIND26FEB3000CE,2026-02-24,3000,CE,2992.5,29.4,0.2248487486095428,high
2026-02-19T12:33:40,PNB,PNB26FEB127CE,2026-02-24,127,CE,127.09,1.495,0.2323160170135498,high
2026-02-19T12:33:41,PNBHOUSING,PNBHOUSING26FEB850CE,2026-02-24,850,CE,854.2,12.9,0.2547750426731109,high
2026-02-19T12:33:42,POLICYBZR,POLICYBZR26FEB1480CE,2026-02-24,1480,CE,1486.6,25.75,0.3082809294939042,high
2026-02-19T12:33:43,POLYCAB,POLYCAB26FEB7800CE,2026-02-24,7800,CE,7827.5,91.275,0.1977155276415348,high
2026-02-19T12:33:44,POWERGRID,POWERGRID26FEB297.5CE,2026-02-24,298,CE,295.85,1.7,0.1808939081573486,high
2026-02-19T12:33:45,POWERINDIA,POWERINDIA26FEB23000CE,2026-02-24,23000,CE,23065.0,481.475,0.4025876776193976,high
2026-02-19T12:33:46,PPLPHARMA,PPLPHARMA26FEB165CE,2026-02-24,165,CE,165.15,2.4400000000000004,0.2939996594619751,high
2026-02-19T12:33:47,PREMIERENE,PREMIERENE26FEB750CE,2026-02-24,750,CE,751.75,15.175,0.3933629666156769,high
2026-02-19T12:33:48,PRESTIGE,PRESTIGE26FEB1500CE,2026-02-24,1500,CE,1499.6,19.775,0.272985450102806,high
2026-02-19T12:33:49,RBLBANK,RBLBANK26FEB335CE,2026-02-24,335,CE,336.55,6.125,0.3251561931476593,high
2026-02-19T12:33:50,RECLTD,RECLTD26FEB357.5CE,2026-02-24,358,CE,356.6,3.75,0.2533922151908874,high
2026-02-19T12:33:51,RELIANCE,RELIANCE26FEB1420CE,2026-02-24,1420,CE,1420.5,9.45,0.1278195588784217,high
2026-02-19T12:33:52,RVNL,RVNL26FEB310CE,2026-02-24,310,CE,308.05,1.825,0.1768789400882721,high
2026-02-19T12:33:53,SAIL,SAIL26FEB159CE,2026-02-24,159,CE,158.63,1.0499999999999998,0.155182853729248,high
2026-02-19T12:33:54,SAMMAANCAP,SAMMAANCAP26FEB150CE,2026-02-24,150,CE,150.35,1.35,0.1544199144287109,high
2026-02-19T12:33:55,SBICARD,SBICARD26FEB790CE,2026-02-24,790,CE,785.25,3.7,0.147901551779747,high
2026-02-19T12:33:56,SBILIFE,SBILIFE26FEB2040CE,2026-02-24,2040,CE,2045.0,12.2,0.0872502615723609,high
2026-02-19T12:33:57,SBIN,SBIN26FEB1210CE,2026-02-24,1210,CE,1208.8,9.3,0.1643667355594635,high
2026-02-19T12:33:58,SHREECEM,SHREECEM26FEB26750CE,2026-02-24,26750,CE,26650.0,214.0,0.1988778179821967,high
2026-02-19T12:33:59,SHRIRAMFIN,SHRIRAMFIN26FEB1070CE,2026-02-24,1070,CE,1068.5,11.8,0.239506719921112,high
2026-02-19T12:34:00,SIEMENS,SIEMENS26FEB3150CE,2026-02-24,3150,CE,3150.0,38.975,0.2529201464986801,high
2026-02-19T12:34:01,SOLARINDS,SOLARINDS26FEB13400CE,2026-02-24,13400,CE,13405.0,169.675,0.2549407435524464,high
2026-02-19T12:34:02,SONACOMS,SONACOMS26FEB535CE,2026-02-24,535,CE,533.0,6.075,0.2704439085578918,high
2026-02-19T12:34:03,SRF,SRF26FEB2680CE,2026-02-24,2680,CE,2686.9,39.775,0.2761659533119202,high
2026-02-19T12:34:04,SUNPHARMA,SUNPHARMA26FEB1720CE,2026-02-24,1720,CE,1721.3,7.449999999999999,0.0735197383480072,high
2026-02-19T12:34:05,SUPREMEIND,SUPREMEIND26FEB3900CE,2026-02-24,3900,CE,3912.9,43.225,0.1871297448465824,high
2026-02-19T12:34:06,SUZLON,SUZLON26FEB46CE,2026-02-24,46,CE,45.72,0.355,0.2149972948913574,high
2026-02-19T12:34:08,SWIGGY,SWIGGY26FEB330CE,2026-02-24,330,CE,328.2,5.05,0.3717717844104767,high
2026-02-19T12:34:09,SYNGENE,SYNGENE26FEB440CE,2026-02-24,440,CE,438.3,5.15,0.2791414165840149,high
2026-02-19T12:34:10,TATACONSUM,TATACONSUM26FEB1160CE,2026-02-24,1160,CE,1160.7,9.55,0.1584682610921859,high
2026-02-19T12:34:11,TATAELXSI,TATAELXSI26FEB4900CE,2026-02-24,4900,CE,4910.0,82.025,0.3226253804366588,high
2026-02-19T12:34:12,TATAPOWER,TATAPOWER26FEB372.5CE,2026-02-24,372,CE,372.8,3.5,0.1653967036151886,high
2026-02-19T12:34:13,TATASTEEL,TATASTEEL26FEB208CE,2026-02-24,208,CE,208.02,2.17,0.2107629817733765,high
2026-02-19T12:34:14,TATATECH,TATATECH26FEB610CE,2026-02-24,610,CE,607.8,6.699999999999999,0.2612123430213928,high
2026-02-19T12:34:15,TCS,TCS26FEB2700CE,2026-02-24,2700,CE,2703.6,35.625,0.255471224784851,high
2026-02-19T12:34:16,TECHM,TECHM26FEB1500CE,2026-02-24,1500,CE,1495.6,14.6,0.2278385169935227,high
2026-02-19T12:34:17,TIINDIA,TIINDIA26FEB2500CE,2026-02-24,2500,CE,2500.8,34.0,0.2753958614554406,high
2026-02-19T12:34:18,TITAN,TITAN26FEB4240CE,2026-02-24,4240,CE,4245.9,31.1,0.1301834786174297,high
2026-02-19T12:34:19,TMPV,TMPV26FEB380CE,2026-02-24,380,CE,381.15,4.95,0.2321825026359558,high
2026-02-19T12:34:20,TORNTPHARM,TORNTPHARM26FEB4240CE,2026-02-24,4240,CE,4237.6,38.525,0.1894698227324486,high
2026-02-19T12:34:21,TORNTPOWER,TORNTPOWER26FEB1520CE,2026-02-24,1520,CE,1515.6,16.525,0.2516517599115371,high
2026-02-19T12:34:22,TRENT,TRENT26FEB4050CE,2026-02-24,4050,CE,4065.5,52.3,0.2200195812556744,high
2026-02-19T12:34:23,TVSMOTOR,TVSMOTOR26FEB3880CE,2026-02-24,3880,CE,3880.0,33.925,0.1760444752283096,high
2026-02-19T12:34:24,ULTRACEMCO,ULTRACEMCO26FEB12800CE,2026-02-24,12800,CE,12819.0,97.975,0.1358995629081726,high
2026-02-19T12:34:25,UNIONBANK,UNIONBANK26FEB192.5CE,2026-02-24,192,CE,192.86,2.72,0.238839148033142,high
2026-02-19T12:34:26,UNITDSPR,UNITDSPR26FEB1410CE,2026-02-24,1410,CE,1409.1,13.1,0.1945839002313614,high
2026-02-19T12:34:27,UNOMINDA,UNOMINDA26FEB1220CE,2026-02-24,1220,CE,1210.9,10.325,0.243714807000637,high
2026-02-19T12:34:28,UPL,UPL26FEB760CE,2026-02-24,760,CE,758.0,6.4,0.1968965599861145,high
2026-02-19T12:34:29,VBL,VBL26FEB455CE,2026-02-24,455,CE,456.85,5.75,0.2111063044586181,high
2026-02-19T12:34:31,VEDL,VEDL26FEB680CE,2026-02-24,680,CE,678.1,8.075,0.2719411769351959,high
2026-02-19T12:34:32,VOLTAS,VOLTAS26FEB1540CE,2026-02-24,1540,CE,1532.3,15.15,0.2504429779572487,high
2026-02-19T12:34:33,WAAREEENER,WAAREEENER26FEB2900CE,2026-02-24,2900,CE,2907.2,55.05,0.3651628227195739,high
2026-02-19T12:34:34,WIPRO,WIPRO26FEB212.5CE,2026-02-24,212,CE,212.13,2.79,0.2628335890350342,high
2026-02-19T12:34:35,YESBANK,YESBANK26FEB21CE,2026-02-24,21,CE,21.08,0.205,0.1521310965270996,high
2026-02-19T12:34:36,ZYDUSLIFE,ZYDUSLIFE26FEB910CE,2026-02-24,910,CE,909.9,8.4,0.187579163778305,high
2026-02-24T11:01:39,360ONE,360ONE26FEB1120CE,2026-02-24,1120,CE,1122.8,4.7,0.3044519278793334,high
2026-02-24T11:01:40,ABB,ABB26FEB5900CE,2026-02-24,5900,CE,5922.5,55.625,0.8134826450123788,high
2026-02-24T11:01:41,ABCAPITAL,ABCAPITAL26FEB345CE,2026-02-24,345,CE,344.15,1.0,0.4441079668426514,high
2026-02-24T11:01:42,ADANIENSOL,ADANIENSOL26FEB1010CE,2026-02-24,1010,CE,1006.95,1.825,0.3414544839553833,high
2026-02-24T11:01:43,ADANIENT,ADANIENT26FEB2180CE,2026-02-24,2180,CE,2189.0,16.975,0.6042107790603637,high
2026-02-24T11:01:44,ADANIGREEN,ADANIGREEN26FEB970CE,2026-02-24,970,CE,965.75,1.025,0.2992257936706542,high
2026-02-24T11:01:46,ADANIPORTS,ADANIPORTS26FEB1540CE,2026-02-24,1540,CE,1540.0,3.8,0.2721033015365601,high
2026-02-24T11:01:47,ALKEM,ALKEM26FEB5450CE,2026-02-24,5450,CE,5463.5,31.45,0.4880532705535888,high
2026-02-24T11:01:48,AMBER,AMBER26FEB7800CE,2026-02-24,7800,CE,7834.5,55.95,0.5102118888635636,high
2026-02-24T11:01:50,AMBUJACEM,AMBUJACEM26FEB515CE,2026-02-24,515,CE,514.25,0.625,0.2042398507537842,high
2026-02-24T11:01:51,ANGELONE,ANGELONE26FEB2500CE,2026-02-24,2500,CE,2483.0,4.449999999999999,0.4847249478549957,high
2026-02-24T11:01:52,APLAPOLLO,APLAPOLLO26FEB2200CE,2026-02-24,2200,CE,2203.1,6.35,0.2315721511955261,high
2026-02-24T11:01:54,APOLLOHOSP,APOLLOHOSP26FEB7700CE,2026-02-24,7700,CE,7707.0,11.175,0.1003871226534843,high
2026-02-24T11:01:55,ASHOKLEY,ASHOKLEY26FEB210CE,2026-02-24,210,CE,209.91,0.855,0.4737863056335449,high
2026-02-24T11:01:56,ASIANPAINT,ASIANPAINT26FEB2420CE,2026-02-24,2420,CE,2418.1,2.2,0.1388368792152404,high
2026-02-24T11:01:58,ASTRAL,ASTRAL26FEB1640CE,2026-02-24,1640,CE,1644.1,7.75,0.3666696278381347,high
2026-02-24T11:01:59,AUBANK,AUBANK26FEB980CE,2026-02-24,980,CE,978.0,3.2750000000000004,0.4747018327941895,high
2026-02-24T11:02:00,AUROPHARMA,AUROPHARMA26FEB1160CE,2026-02-24,1160,CE,1162.8,4.225,0.2448282215423584,high
2026-02-24T11:02:02,AXISBANK,AXISBANK26FEB1390CE,2026-02-24,1390,CE,1391.9,2.9000000000000004,0.1405534926414489,high
2026-02-24T11:02:03,BAJAJ-AUTO,BAJAJ-AUTO26FEB9800CE,2026-02-24,9800,CE,9790.5,22.625,0.3057489246902466,high
2026-02-24T11:02:04,BAJAJFINSV,BAJAJFINSV26FEB2040CE,2026-02-24,2040,CE,2037.9,1.525,0.1311121187973022,high
2026-02-24T11:02:06,BAJAJHLDNG,BAJAJHLDNG26FEB11500CE,2026-02-24,11500,CE,11525.0,53.9,0.3852996518831253,high
2026-02-24T11:02:07,BAJFINANCE,BAJFINANCE26FEB1020CE,2026-02-24,1020,CE,1020.7,2.05,0.1805124385070801,high
2026-02-24T11:02:08,BANDHANBNK,BANDHANBNK26FEB177.5CE,2026-02-24,178,CE,177.17,1.125,0.9387978093109132,high
2026-02-24T11:02:10,BANKBARODA,BANKBARODA26FEB312.5CE,2026-02-24,312,CE,311.2,0.75,0.3921518004760742,high
2026-02-24T11:02:12,BANKINDIA,BANKINDIA26FEB177CE,2026-02-24,177,CE,176.88,0.675,0.4586801074829102,high
2026-02-24T11:02:15,BANKNIFTY,BANKNIFTY26FEB61200CE,2026-02-24,61200,CE,61195.45,143.15,0.2622142968996763,high
2026-02-24T11:02:18,BDL,BDL26FEB1240CE,2026-02-24,1240,CE,1249.7,13.25,0.6586464981536865,high
2026-02-24T11:02:19,BEL,BEL26FEB435CE,2026-02-24,435,CE,432.6,0.425,0.3276452826156615,high
2026-02-24T11:02:21,BHARATFORG,BHARATFORG26FEB1840CE,2026-02-24,1840,CE,1835.6,3.95,0.3546724073371887,high
2026-02-24T11:02:22,BHARTIARTL,BHARTIARTL26FEB1940CE,2026-02-24,1940,CE,1941.8,7.65,0.3822908100166321,high
2026-02-24T11:02:23,BHEL,BHEL26FEB257.5CE,2026-02-24,258,CE,257.6,0.7,0.3801736534576415,high
2026-02-24T11:02:24,BIOCON,BIOCON26FEB390CE,2026-02-24,390,CE,388.05,0.075,0.1744852180328369,high
2026-02-24T11:02:26,BLUESTARCO,BLUESTARCO26FEB1960CE,2026-02-24,1960,CE,1950.2,4.625,0.4907044846229553,high
2026-02-24T11:02:27,BOSCHLTD,BOSCHLTD26FEB35250CE,2026-02-24,35250,CE,35135.0,86.97500000000001,0.430729110952139,high
2026-02-24T11:02:28,BPCL,BPCL26FEB375CE,2026-02-24,375,CE,373.95,0.875,0.3946695001678466,high
2026-02-24T11:02:29,BRITANNIA,BRITANNIA26FEB6100CE,2026-02-24,6100,CE,6122.0,28.0,0.2589425986022949,high
2026-02-24T11:02:30,BSE,BSE26FEB2750CE,2026-02-24,2750,CE,2729.0,2.6,0.3919610656509399,high
2026-02-24T11:02:32,CAMS,CAMS26FEB710CE,2026-02-24,710,CE,713.1,6.3,0.7137688626174927,high
2026-02-24T11:02:33,CANBK,CANBK26FEB156CE,2026-02-24,156,CE,156.46,0.955,0.4965218967895507,high
2026-02-24T11:02:34,CDSL,CDSL26FEB1340CE,2026-02-24,1340,CE,1334.7,1.6,0.3025827265930175,high
2026-02-24T11:02:36,CGPOWER,CGPOWER26FEB720CE,2026-02-24,720,CE,715.75,1.15,0.4280480945663452,high
2026-02-24T11:02:37,CHOLAFIN,CHOLAFIN26FEB1700CE,2026-02-24,1700,CE,1697.2,8.175,0.6206521209869386,high
2026-02-24T11:02:38,CIPLA,CIPLA26FEB1320CE,2026-02-24,1320,CE,1323.5,6.7,0.3969010976219177,high
2026-02-24T11:02:40,COALINDIA,COALINDIA26FEB422.5CE,2026-02-24,422,CE,424.0,3.1,0.5068215773468018,high
2026-02-24T11:02:41,COFORGE,COFORGE26FEB1220CE,2026-02-24,1220,CE,1219.9,9.4,0.8593186076774599,high
2026-02-24T11:02:42,COLPAL,COLPAL26FEB2200CE,2026-02-24,2200,CE,2203.8,7.475,0.2685270235652923,high
2026-02-24T11:02:44,CONCOR,CONCOR26FEB500CE,2026-02-24,500,CE,502.0,2.275,0.2095804258575439,high
2026-02-24T11:02:45,CROMPTON,CROMPTON26FEB260CE,2026-02-24,260,CE,260.97,1.995,0.6204995331268311,high
2026-02-24T11:02:46,CUMMINSIND,CUMMINSIND26FEB4900CE,2026-02-24,4900,CE,4884.0,15.75,0.5182275198898314,high
2026-02-24T11:02:48,DABUR,DABUR26FEB515CE,2026-02-24,515,CE,515.55,1.0,0.1467142274932861,high
2026-02-24T11:02:49,DALBHARAT,DALBHARAT26FEB2080CE,2026-02-24,2080,CE,2076.3,9.875,0.6207474883995057,high
2026-02-24T11:02:50,DELHIVERY,DELHIVERY26FEB435CE,2026-02-24,435,CE,433.95,1.225,0.4332742287750244,high
2026-02-24T11:02:52,DIVISLAB,DIVISLAB26FEB6250CE,2026-02-24,6250,CE,6271.0,25.75,0.2197728180756569,high
2026-02-24T11:02:53,DIXON,DIXON26FEB10500CE,2026-02-24,10500,CE,10520.0,69.6,0.6229743174829483,high
2026-02-24T11:02:54,DLF,DLF26FEB620CE,2026-02-24,620,CE,618.9,1.3,0.3211221515960692,high
2026-02-24T11:02:56,DMART,DMART26FEB3800CE,2026-02-24,3800,CE,3814.9,18.725,0.2734813606481552,high
2026-02-24T11:02:57,DRREDDY,DRREDDY26FEB1300CE,2026-02-24,1300,CE,1304.0,2.15,0.5,low
2026-02-24T11:02:58,EICHERMOT,EICHERMOT26FEB8000CE,2026-02-24,8000,CE,7988.0,23.0,0.396395650335312,high
2026-02-24T11:03:00,ETERNAL,ETERNAL26FEB255CE,2026-02-24,255,CE,256.75,2.35,0.558243686203003,high
2026-02-24T11:03:01,EXIDEIND,EXIDEIND26FEB335CE,2026-02-24,335,CE,335.5,1.475,0.3990182541809082,high
2026-02-24T11:03:02,FEDERALBNK,FEDERALBNK26FEB297.5CE,2026-02-24,298,CE,297.55,1.35,0.5828866256103515,high
2026-02-24T11:03:04,FINNIFTY,FINNIFTY26FEB28350CE,2026-02-24,28350,CE,28359.2,68.82499999999999,0.2497545444477796,high
2026-02-24T11:03:05,FORTIS,FORTIS26FEB910CE,2026-02-24,910,CE,912.65,4.0,0.2966127265663147,high
2026-02-24T11:03:06,GAIL,GAIL26FEB168CE,2026-02-24,168,CE,168.09,0.235,0.1214609366455078,high
2026-02-24T11:03:08,GLENMARK,GLENMARK26FEB2040CE,2026-02-24,2040,CE,2039.2,7.824999999999999,0.4466256665344238,high
2026-02-24T11:03:09,GMRAIRPORT,GMRAIRPORT26FEB100CE,2026-02-24,100,CE,100.32,0.21,0.5,low
2026-02-24T11:03:10,GODREJCP,GODREJCP26FEB1220CE,2026-02-24,1220,CE,1223.0,2.5,0.5,low
2026-02-24T11:03:13,GODREJPROP,GODREJPROP26FEB1800CE,2026-02-24,1800,CE,1804.3,8.8,0.3943833979301452,high
2026-02-24T11:03:16,GRASIM,GRASIM26FEB2860CE,2026-02-24,2860,CE,2856.3,7.825,0.3707322796134948,high
2026-02-24T11:03:18,HAL,HAL26FEB4000CE,2026-02-24,4000,CE,3986.4,9.225,0.4183301552257538,high
2026-02-24T11:03:20,HAVELLS,HAVELLS26FEB1410CE,2026-02-24,1410,CE,1411.7,5.4,0.3529557939109802,high
2026-02-24T11:03:22,HCLTECH,HCLTECH26FEB1360CE,2026-02-24,1360,CE,1362.0,10.125,0.7415017061920167,high
2026-02-24T11:03:23,HDFCAMC,HDFCAMC26FEB2720CE,2026-02-24,2720,CE,2713.2,6.3500000000000005,0.3820905384502411,high
2026-02-24T11:03:24,HDFCBANK,HDFCBANK26FEB920CE,2026-02-24,920,CE,919.5,2.825,0.3697213850402832,high
2026-02-24T11:03:25,HDFCLIFE,HDFCLIFE26FEB740CE,2026-02-24,740,CE,738.3,2.325,0.4655465611877442,high
2026-02-24T11:03:26,HEROMOTOCO,HEROMOTOCO26FEB5500CE,2026-02-24,5500,CE,5506.5,10.4,0.1321182449998855,high
2026-02-24T11:03:27,HINDALCO,HINDALCO26FEB920CE,2026-02-24,920,CE,919.1,1.975,0.2887925987358093,high
2026-02-24T11:03:28,HINDPETRO,HINDPETRO26FEB440CE,2026-02-24,440,CE,441.5,1.825,0.2187356974639893,high
2026-02-24T11:03:30,HINDUNILVR,HINDUNILVR26FEB2360CE,2026-02-24,2360,CE,2350.0,6.225,0.4938420724964142,high
2026-02-24T11:03:31,HINDZINC,HINDZINC26FEB595CE,2026-02-24,595,CE,593.6,2.6,0.6077202998428346,high
2026-02-24T11:03:32,HUDCO,HUDCO26FEB192.5CE,2026-02-24,192,CE,192.1,0.585,0.307465538116455,high
2026-02-24T11:03:34,ICICIBANK,ICICIBANK26FEB1390CE,2026-02-24,1390,CE,1390.3,4.4,0.3385076309070587,high
2026-02-24T11:03:35,ICICIGI,ICICIGI26FEB1920CE,2026-02-24,1920,CE,1929.8,14.325,0.4917725996437072,high
2026-02-24T11:03:36,ICICIPRULI,ICICIPRULI26FEB660CE,2026-02-24,660,CE,662.3,1.0,0.5,low
2026-02-24T11:03:38,IDEA,IDEA26FEB11CE,2026-02-24,11,CE,10.91,0.025,0.6030282231445312,high
2026-02-24T11:03:39,IDFCFIRSTB,IDFCFIRSTB26FEB70CE,2026-02-24,70,CE,70.35,0.62,0.6677254758300781,high
2026-02-24T11:03:40,IEX,IEX26FEB125CE,2026-02-24,125,CE,124.73,0.385,0.4521188294982911,high
2026-02-24T11:03:42,INDHOTEL,INDHOTEL26FEB670CE,2026-02-24,670,CE,670.05,1.7000000000000002,0.2766809373397828,high
2026-02-24T11:03:43,INDIANB,INDIANB26FEB980CE,2026-02-24,980,CE,983.3,5.300000000000001,0.3831491167297363,high
2026-02-24T11:03:44,INDIGO,INDIGO26FEB4850CE,2026-02-24,4850,CE,4843.6,3.0,0.1281652657489776,high
2026-02-24T11:03:46,INDUSINDBK,INDUSINDBK26FEB920CE,2026-02-24,920,CE,924.0,3.85,0.5,low
2026-02-24T11:03:47,INDUSTOWER,INDUSTOWER26FEB470CE,2026-02-24,470,CE,468.7,0.7250000000000001,0.3002557617263794,high
2026-02-24T11:03:48,INFY,INFY26FEB1280CE,2026-02-24,1280,CE,1280.3,7.800000000000001,0.6638344853973389,high
2026-02-24T11:03:50,INOXWIND,INOXWIND26FEB95CE,2026-02-24,95,CE,95.64,0.8200000000000001,0.4943856667480468,high
2026-02-24T11:03:51,IOC,IOC26FEB179CE,2026-02-24,179,CE,179.21,0.7150000000000001,0.3738412572631836,high
2026-02-24T11:03:52,IRCTC,IRCTC26FEB635CE,2026-02-24,635,CE,635.7,3.975,0.6319054756698608,high
2026-02-24T11:03:54,IREDA,IREDA26FEB126CE,2026-02-24,126,CE,126.39,1.0550000000000002,0.7446297573242189,high
2026-02-24T11:03:55,IRFC,IRFC26FEB111CE,2026-02-24,111,CE,110.69,0.5549999999999999,0.7011422171936035,high
2026-02-24T11:03:56,ITC,ITC26FEB323.5CE,2026-02-24,324,CE,323.85,0.225,0.0996408726501464,high
2026-02-24T11:03:58,JINDALSTEL,JINDALSTEL26FEB1220CE,2026-02-24,1220,CE,1225.0,9.4,0.5994233349494933,high
2026-02-24T11:03:59,JIOFIN,JIOFIN26FEB255CE,2026-02-24,255,CE,255.15,0.6000000000000001,0.2259836208190918,high
2026-02-24T11:04:00,JSWENERGY,JSWENERGY26FEB485CE,2026-02-24,485,CE,484.55,0.725,0.2129373587799072,high
2026-02-24T11:04:02,JSWSTEEL,JSWSTEEL26FEB1240CE,2026-02-24,1240,CE,1244.3,3.425,0.5,low
2026-02-24T11:04:03,JUBLFOOD,JUBLFOOD26FEB525CE,2026-02-24,525,CE,526.05,4.075,0.745659725379944,high
2026-02-24T11:04:04,KALYANKJIL,KALYANKJIL26FEB400CE,2026-02-24,400,CE,400.8,1.775,0.3701028546905517,high
2026-02-24T11:04:06,KAYNES,KAYNES26FEB3800CE,2026-02-24,3800,CE,3786.0,11.9,0.5287846924610138,high
2026-02-24T11:04:07,KEI,KEI26FEB4800CE,2026-02-24,4800,CE,4800.9,19.275,0.4352626393270493,high
2026-02-24T11:04:08,KFINTECH,KFINTECH26FEB1000CE,2026-02-24,1000,CE,996.1,5.725,0.8377464989547729,high
2026-02-24T11:04:10,KOTAKBANK,KOTAKBANK26FEB430CE,2026-02-24,430,CE,430.2,0.575,0.1194010005340576,high
2026-02-24T11:04:12,KPITTECH,KPITTECH26FEB790CE,2026-02-24,790,CE,785.4,3.15,0.7239541022796632,high
2026-02-24T11:04:15,LAURUSLABS,LAURUSLABS26FEB1020CE,2026-02-24,1020,CE,1017.5,1.35,0.2608690203361511,high
2026-02-24T11:04:17,LICHSGFIN,LICHSGFIN26FEB530CE,2026-02-24,530,CE,528.25,0.8500000000000001,0.3301248353424072,high
2026-02-24T11:04:19,LICI,LICI26FEB880CE,2026-02-24,880,CE,881.4,2.45,0.2074632692985535,high
2026-02-24T11:04:20,LODHA,LODHA26FEB1060CE,2026-02-24,1060,CE,1062.95,7.5,0.6186112583580017,high
2026-02-24T11:04:22,LT,LT26FEB4380CE,2026-02-24,4380,CE,4386.4,11.1,0.1876888363027573,high
2026-02-24T11:04:23,LTF,LTF26FEB300CE,2026-02-24,300,CE,298.15,0.875,0.6088265618286133,high
2026-02-24T11:04:24,LTIM,LTIM26FEB4650CE,2026-02-24,4650,CE,4640.5,38.8,1.039896803373337,high
2026-02-24T11:04:25,LUPIN,LUPIN26FEB2240CE,2026-02-24,2240,CE,2247.0,8.7,0.2120885888080597,high
2026-02-24T11:04:26,M&M,M&M26FEB3400CE,2026-02-24,3400,CE,3415.4,12.675,0.5,low
2026-02-24T11:04:27,MANAPPURAM,MANAPPURAM26FEB302.5CE,2026-02-24,302,CE,303.75,1.825,0.2023325025024414,high
2026-02-24T11:04:28,MANKIND,MANKIND26FEB2060CE,2026-02-24,2060,CE,2058.4,6.425,0.388194052854538,high
2026-02-24T11:04:30,MARICO,MARICO26FEB810CE,2026-02-24,810,CE,808.05,1.4500000000000002,0.3149804902267456,high
2026-02-24T11:04:31,MARUTI,MARUTI26FEB14900CE,2026-02-24,14900,CE,14945.0,23.025,0.5,low
2026-02-24T11:04:32,MAXHEALTH,MAXHEALTH26FEB1080CE,2026-02-24,1080,CE,1083.0,4.725,0.3058061451377869,high
2026-02-24T11:04:34,MAZDOCK,MAZDOCK26FEB2260CE,2026-02-24,2260,CE,2252.0,9.375,0.6406125204372406,high
2026-02-24T11:04:35,MCX,MCX26FEB2400CE,2026-02-24,2400,CE,2402.0,10.925,0.4578122640285492,high
2026-02-24T11:04:36,MFSL,MFSL26FEB1860CE,2026-02-24,1860,CE,1857.1,9.05,0.6248387503986359,high
2026-02-24T11:04:38,MIDCPNIFTY,MIDCPNIFTY26FEB13425CE,2026-02-24,13425,CE,13423.75,35.65,0.2997491223471165,high
2026-02-24T11:04:39,MOTHERSON,MOTHERSON26FEB131CE,2026-02-24,131,CE,130.72,0.225,0.2946481578674316,high
2026-02-24T11:04:40,MPHASIS,MPHASIS26FEB2250CE,2026-02-24,2250,CE,2255.0,12.825,0.4997167051105499,high
2026-02-24T11:04:42,MUTHOOTFIN,MUTHOOTFIN26FEB3450CE,2026-02-24,3450,CE,3471.8,23.625,0.2761087328643798,high
2026-02-24T11:04:43,NATIONALUM,NATIONALUM26FEB340CE,2026-02-24,340,CE,338.15,0.925,0.5553445168609619,high
2026-02-24T11:04:44,NAUKRI,NAUKRI26FEB1040CE,2026-02-24,1040,CE,1035.0,6.275,0.9174164354133608,high
2026-02-24T11:04:46,NBCC,NBCC26FEB95CE,2026-02-24,95,CE,94.59,0.4599999999999999,0.7571419618530275,high
2026-02-24T11:04:47,NESTLEIND,NESTLEIND26FEB1310CE,2026-02-24,1310,CE,1312.9,6.7,0.4335984779777526,high
2026-02-24T11:04:48,NHPC,NHPC26FEB75CE,2026-02-24,75,CE,74.66,0.15,0.4293832383422852,high
2026-02-24T11:04:50,NIFTY,NIFTY26FEB25500CE,2026-02-24,25500,CE,25484.55,43.175,0.2196476483466625,high
2026-02-24T11:04:51,NIFTYNXT50,NIFTYNXT5026FEB69500CE,2026-02-24,69500,CE,69514.2,164.975,0.2515900691165328,high
2026-02-24T11:04:52,NMDC,NMDC26FEB79CE,2026-02-24,79,CE,79.41,0.495,0.3283700749511719,high
2026-02-24T11:04:54,NTPC,NTPC26FEB375CE,2026-02-24,375,CE,376.2,0.8,0.5,low
2026-02-24T11:04:55,NUVAMA,NUVAMA26FEB1280CE,2026-02-24,1280,CE,1270.8,5.625,0.8324822177810671,high
2026-02-24T11:04:56,NYKAA,NYKAA26FEB260CE,2026-02-24,260,CE,260.04,1.395,0.5885323764343262,high
2026-02-24T11:04:58,OBEROIRLTY,OBEROIRLTY26FEB1520CE,2026-02-24,1520,CE,1520.8,3.725,0.2411661128997802,high
2026-02-24T11:04:59,OFSS,OFSS26FEB6500CE,2026-02-24,6500,CE,6532.5,55.075,0.6238540818638801,high
2026-02-24T11:05:00,OIL,OIL26FEB470CE,2026-02-24,470,CE,472.45,2.95,0.3274926947555541,high
2026-02-24T11:05:02,ONGC,ONGC26FEB275CE,2026-02-24,275,CE,275.05,0.625,0.2417001704101562,high
2026-02-24T11:05:03,PAGEIND,PAGEIND26FEB33000CE,2026-02-24,33000,CE,32910.0,137.4,0.6043305843724012,high
2026-02-24T11:05:04,PATANJALI,PATANJALI26FEB530CE,2026-02-24,530,CE,529.65,2.425,0.545502599884033,high
2026-02-24T11:05:06,PAYTM,PAYTM26FEB1140CE,2026-02-24,1140,CE,1141.2,4.75,0.4016885417327881,high
2026-02-24T11:05:07,PERSISTENT,PERSISTENT26FEB4700CE,2026-02-24,4700,CE,4703.0,37.05,0.8421190948209765,high
2026-02-24T11:05:08,PETRONET,PETRONET26FEB305CE,2026-02-24,305,CE,305.4,1.175,0.349961257156372,high
2026-02-24T11:05:10,PFC,PFC26FEB415CE,2026-02-24,415,CE,413.55,0.875,0.4000863692016602,high
2026-02-24T11:05:13,PGEL,PGEL26FEB610CE,2026-02-24,610,CE,612.25,4.7,0.6300744213485718,high
2026-02-24T11:05:17,PHOENIXLTD,PHOENIXLTD26FEB1700CE,2026-02-24,1700,CE,1699.7,4.65,0.3136453464508056,high
2026-02-24T11:05:18,PIDILITIND,PIDILITIND26FEB1480CE,2026-02-24,1480,CE,1477.0,2.3,0.2708825986557007,high
2026-02-24T11:05:20,PIIND,PIIND26FEB3100CE,2026-02-24,3100,CE,3097.0,5.75,0.2562866161623001,high
2026-02-24T11:05:21,PNB,PNB26FEB131CE,2026-02-24,131,CE,131.12,0.7849999999999999,0.6149300762329102,high
2026-02-24T11:05:22,PNBHOUSING,PNBHOUSING26FEB830CE,2026-02-24,830,CE,828.15,2.325,0.4249581903991699,high
2026-02-24T11:05:24,POLICYBZR,POLICYBZR26FEB1500CE,2026-02-24,1500,CE,1505.8,7.575,0.2965745796012878,high
2026-02-24T11:05:25,POLYCAB,POLYCAB26FEB8100CE,2026-02-24,8100,CE,8118.0,41.775,0.4384622160186767,high
2026-02-24T11:05:26,POWERGRID,POWERGRID26FEB302.5CE,2026-02-24,302,CE,303.9,1.475,0.5,low
2026-02-24T11:05:27,POWERINDIA,POWERINDIA26FEB24500CE,2026-02-24,24500,CE,24452.0,82.05,0.4746416321150065,high
2026-02-24T11:05:28,PPLPHARMA,PPLPHARMA26FEB160CE,2026-02-24,160,CE,160.32,1.335,0.8129891186523439,high
2026-02-24T11:05:29,PREMIERENE,PREMIERENE26FEB770CE,2026-02-24,770,CE,767.25,2.55,0.5461892452545166,high
2026-02-24T11:05:31,PRESTIGE,PRESTIGE26FEB1460CE,2026-02-24,1460,CE,1459.3,8.25,0.6563958272171022,high
2026-02-24T11:05:32,RBLBANK,RBLBANK26FEB320CE,2026-02-24,320,CE,321.4,2.4000000000000004,0.5565652197418213,high
2026-02-24T11:05:33,RECLTD,RECLTD26FEB350CE,2026-02-24,350,CE,351.0,2.225,0.5329141014251709,high
2026-02-24T11:05:35,RELIANCE,RELIANCE26FEB1420CE,2026-02-24,1420,CE,1418.2,2.35,0.2481470074996948,high
2026-02-24T11:05:36,RVNL,RVNL26FEB315CE,2026-02-24,315,CE,315.35,1.75,0.554505283630371,high
2026-02-24T11:05:37,SAIL,SAIL26FEB158CE,2026-02-24,158,CE,157.72,0.975,0.7838448373718263,high
2026-02-24T11:05:39,SAMMAANCAP,SAMMAANCAP26FEB152.5CE,2026-02-24,152,CE,152.45,1.345,0.809784773590088,high
2026-02-24T11:05:40,SBICARD,SBICARD26FEB770CE,2026-02-24,770,CE,773.6,5.275,0.4541787656097412,high
2026-02-24T11:05:41,SBILIFE,SBILIFE26FEB2100CE,2026-02-24,2100,CE,2096.7,1.575,0.1551065597991943,high
2026-02-24T11:05:43,SBIN,SBIN26FEB1230CE,2026-02-24,1230,CE,1228.0,2.925,0.3480539089050293,high
2026-02-24T11:05:44,SHREECEM,SHREECEM26FEB26500CE,2026-02-24,26500,CE,26540.0,125.875,0.439272242979169,high
2026-02-24T11:05:45,SHRIRAMFIN,SHRIRAMFIN26FEB1060CE,2026-02-24,1060,CE,1055.3,2.975,0.52467435697937,high
2026-02-24T11:05:47,SIEMENS,SIEMENS26FEB3300CE,2026-02-24,3300,CE,3287.9,11.8,0.5816182390232087,high
2026-02-24T11:05:48,SOLARINDS,SOLARINDS26FEB13300CE,2026-02-24,13300,CE,13265.0,35.175,0.4259583561384678,high
2026-02-24T11:05:49,SONACOMS,SONACOMS26FEB530CE,2026-02-24,530,CE,528.5,1.35,0.4236230466232299,high
2026-02-24T11:05:51,SRF,SRF26FEB2600CE,2026-02-24,2600,CE,2591.1,12.275,0.7025250446758271,high
2026-02-24T11:05:52,SUNPHARMA,SUNPHARMA26FEB1730CE,2026-02-24,1730,CE,1733.2,2.0250000000000004,0.5,low
2026-02-24T11:05:53,SUPREMEIND,SUPREMEIND26FEB3950CE,2026-02-24,3950,CE,3939.1,16.424999999999997,0.6062325682067871,high
2026-02-24T11:05:55,SUZLON,SUZLON26FEB44CE,2026-02-24,44,CE,43.91,0.085,0.3161630461425781,high
2026-02-24T11:05:56,SWIGGY,SWIGGY26FEB315CE,2026-02-24,315,CE,315.8,2.225,0.6351479676971435,high
2026-02-24T11:05:57,SYNGENE,SYNGENE26FEB440CE,2026-02-24,440,CE,443.05,4.575,0.7038887986755371,high
2026-02-24T11:05:59,TATACONSUM,TATACONSUM26FEB1170CE,2026-02-24,1170,CE,1166.9,0.55,0.157814994316101,high
2026-02-24T11:06:00,TATAELXSI,TATAELXSI26FEB4550CE,2026-02-24,4550,CE,4551.5,37.675,0.905729159003258,high
2026-02-24T11:06:01,TATAPOWER,TATAPOWER26FEB375CE,2026-02-24,375,CE,376.2,2.55,0.5606850919647216,high
2026-02-24T11:06:03,TATASTEEL,TATASTEEL26FEB208CE,2026-02-24,208,CE,207.98,0.165,0.0923929492950439,high
2026-02-24T11:06:04,TATATECH,TATATECH26FEB585CE,2026-02-24,585,CE,585.8,3.125,0.5152520566177368,high
2026-02-24T11:06:05,TCS,TCS26FEB2600CE,2026-02-24,2600,CE,2595.1,6.65,0.3812513052196502,high
2026-02-24T11:06:07,TECHM,TECHM26FEB1380CE,2026-02-24,1380,CE,1376.6,7.275,0.7185753802108765,high
2026-02-24T11:06:08,TIINDIA,TIINDIA26FEB2560CE,2026-02-24,2560,CE,2557.7,2.25,0.1416979015922546,high
2026-02-24T11:06:09,TITAN,TITAN26FEB4280CE,2026-02-24,4280,CE,4271.8,4.625,0.2099237485427856,high
2026-02-24T11:06:12,TMPV,TMPV26FEB375CE,2026-02-24,375,CE,377.45,2.85,0.3726968483123779,high
2026-02-24T11:06:15,TORNTPHARM,TORNTPHARM26FEB4360CE,2026-02-24,4360,CE,4367.7,13.225,0.2245769514837265,high
2026-02-24T11:06:17,TORNTPOWER,TORNTPOWER26FEB1550CE,2026-02-24,1550,CE,1546.0,2.4000000000000004,0.2946100109024047,high
2026-02-24T11:06:20,TRENT,TRENT26FEB4000CE,2026-02-24,4000,CE,3996.0,5.2,0.1950750424060822,high
2026-02-24T11:06:22,TVSMOTOR,TVSMOTOR26FEB3820CE,2026-02-24,3820,CE,3825.1,11.3,0.2470455138845443,high
2026-02-24T11:06:23,ULTRACEMCO,ULTRACEMCO26FEB13000CE,2026-02-24,13000,CE,12984.0,10.6,0.1490030453948974,high
2026-02-24T11:06:24,UNIONBANK,UNIONBANK26FEB202.5CE,2026-02-24,202,CE,199.97,0.1699999999999999,0.4508981266174316,high
2026-02-24T11:06:25,UNITDSPR,UNITDSPR26FEB1420CE,2026-02-24,1420,CE,1418.4,2.8,0.2779493239269256,high
2026-02-24T11:06:26,UNOMINDA,UNOMINDA26FEB1180CE,2026-02-24,1180,CE,1173.7,3.225,0.554505283630371,high
2026-02-24T11:06:27,UPL,UPL26FEB640CE,2026-02-24,640,CE,636.4,1.875,0.5905541655807494,high
2026-02-24T11:06:28,VBL,VBL26FEB455CE,2026-02-24,455,CE,454.8,1.625,0.4224404907073975,high
2026-02-24T11:06:30,VEDL,VEDL26FEB685CE,2026-02-24,685,CE,682.9,1.525,0.3968057302093506,high
2026-02-24T11:06:31,VOLTAS,VOLTAS26FEB1540CE,2026-02-24,1540,CE,1549.2,14.45,0.658760939048767,high
2026-02-24T11:06:32,WAAREEENER,WAAREEENER26FEB2950CE,2026-02-24,2950,CE,2960.6,26.675,0.7917031121673584,high
2026-02-24T11:06:34,WIPRO,WIPRO26FEB202.5CE,2026-02-24,202,CE,201.25,0.54,0.4783639414367676,high
2026-02-24T11:06:35,YESBANK,YESBANK26FEB21CE,2026-02-24,21,CE,20.93,0.015,0.2172861127929687,high
2026-02-24T11:06:36,ZYDUSLIFE,ZYDUSLIFE26FEB900CE,2026-02-24,900,CE,904.8,4.5,0.5,low
2026-02-24T11:21:38,360ONE,360ONE26FEB1120CE,2026-02-24,1120,CE,1123.4,5.55,0.3675470080337524,high
2026-02-24T11:21:40,ABB,ABB26FEB5900CE,2026-02-24,5900,CE,5923.5,53.075,0.7829412311377527,high
2026-02-24T11:21:41,ABCAPITAL,ABCAPITAL26FEB345CE,2026-02-24,345,CE,345.25,1.2999999999999998,0.3894815129241943,high
2026-02-24T11:21:42,ADANIENSOL,ADANIENSOL26FEB1010CE,2026-02-24,1010,CE,1009.15,1.925,0.2641687328109741,high
2026-02-24T11:21:43,ADANIENT,ADANIENT26FEB2200CE,2026-02-24,2200,CE,2197.4,6.35,0.396090474615097,high
2026-02-24T11:21:44,ADANIGREEN,ADANIGREEN26FEB970CE,2026-02-24,970,CE,966.0,1.175,0.3229913528823853,high
2026-02-24T11:21:45,ADANIPORTS,ADANIPORTS26FEB1540CE,2026-02-24,1540,CE,1547.1,8.0,0.2431879020462036,high
2026-02-24T11:21:47,ALKEM,ALKEM26FEB5450CE,2026-02-24,5450,CE,5472.0,35.575,0.4817256427297592,high
2026-02-24T11:21:48,AMBER,AMBER26FEB7800CE,2026-02-24,7800,CE,7822.0,38.45,0.3815087972335815,high
2026-02-24T11:21:49,AMBUJACEM,AMBUJACEM26FEB515CE,2026-02-24,515,CE,514.3,0.525,0.1844034289398193,high
2026-02-24T11:21:51,ANGELONE,ANGELONE26FEB2500CE,2026-02-24,2500,CE,2486.4,4.7,0.4649838934535981,high
2026-02-24T11:21:52,APLAPOLLO,APLAPOLLO26FEB2200CE,2026-02-24,2200,CE,2203.7,4.975,0.1406774702777862,high
2026-02-24T11:21:53,APOLLOHOSP,APOLLOHOSP26FEB7700CE,2026-02-24,7700,CE,7705.0,8.55,0.0832138358354568,high
2026-02-24T11:21:55,ASHOKLEY,ASHOKLEY26FEB210CE,2026-02-24,210,CE,210.41,1.06,0.4586801074829102,high
2026-02-24T11:21:56,ASIANPAINT,ASIANPAINT26FEB2420CE,2026-02-24,2420,CE,2415.1,2.2,0.1994524066429138,high
2026-02-24T11:21:57,ASTRAL,ASTRAL26FEB1640CE,2026-02-24,1640,CE,1649.5,8.875,0.5,low
2026-02-24T11:21:59,AUBANK,AUBANK26FEB980CE,2026-02-24,980,CE,980.15,3.925,0.451584771987915,high
2026-02-24T11:22:00,AUROPHARMA,AUROPHARMA26FEB1160CE,2026-02-24,1160,CE,1162.5,5.35,0.3930482541542053,high
2026-02-24T11:22:01,AXISBANK,AXISBANK26FEB1390CE,2026-02-24,1390,CE,1393.4,3.05,0.5,low
2026-02-24T11:22:03,BAJAJ-AUTO,BAJAJ-AUTO26FEB9800CE,2026-02-24,9800,CE,9803.0,29.125,0.3232798393054008,high
2026-02-24T11:22:04,BAJAJFINSV,BAJAJFINSV26FEB2040CE,2026-02-24,2040,CE,2041.6,3.475,0.1448450262069702,high
2026-02-24T11:22:05,BAJAJHLDNG,BAJAJHLDNG26FEB11500CE,2026-02-24,11500,CE,11511.0,56.4,0.5069646284656524,high
2026-02-24T11:22:07,BAJFINANCE,BAJFINANCE26FEB1020CE,2026-02-24,1020,CE,1023.65,3.4,0.5,low
2026-02-24T11:22:08,BANDHANBNK,BANDHANBNK26FEB177.5CE,2026-02-24,178,CE,177.66,1.52,1.0919197269287109,high
2026-02-24T11:22:09,BANKBARODA,BANKBARODA26FEB312.5CE,2026-02-24,312,CE,313.15,1.7,0.3756723115844727,high
2026-02-24T11:22:13,BANKINDIA,BANKINDIA26FEB178CE,2026-02-24,178,CE,177.6,0.54,0.467682791229248,high
2026-02-24T11:22:17,BANKNIFTY,BANKNIFTY26FEB61400CE,2026-02-24,61400,CE,61378.05,127.85,0.2590373699685335,high
2026-02-24T11:22:18,BDL,BDL26FEB1260CE,2026-02-24,1260,CE,1250.5,2.85,0.5996140697746277,high
2026-02-24T11:22:20,BEL,BEL26FEB435CE,2026-02-24,435,CE,433.7,0.6499999999999999,0.3148279023666382,high
2026-02-24T11:22:21,BHARATFORG,BHARATFORG26FEB1840CE,2026-02-24,1840,CE,1830.8,2.7750000000000004,0.3979310656776428,high
2026-02-24T11:22:23,BHARTIARTL,BHARTIARTL26FEB1940CE,2026-02-24,1940,CE,1946.0,9.275,0.3416070718154907,high
2026-02-24T11:22:24,BHEL,BHEL26FEB257.5CE,2026-02-24,258,CE,257.9,0.925,0.4345712255859375,high
2026-02-24T11:22:25,BIOCON,BIOCON26FEB390CE,2026-02-24,390,CE,387.85,0.15,0.2391824707183837,high
2026-02-24T11:22:26,BLUESTARCO,BLUESTARCO26FEB1960CE,2026-02-24,1960,CE,1954.1,3.9,0.3778466885910034,high
2026-02-24T11:22:27,BOSCHLTD,BOSCHLTD26FEB35250CE,2026-02-24,35250,CE,35140.0,58.05,0.3398439667756557,high
2026-02-24T11:22:28,BPCL,BPCL26FEB375CE,2026-02-24,375,CE,374.6,1.025,0.3728494361724853,high
2026-02-24T11:22:29,BRITANNIA,BRITANNIA26FEB6150CE,2026-02-24,6150,CE,6133.0,3.075,0.1716241956558227,high
2026-02-24T11:22:31,BSE,BSE26FEB2750CE,2026-02-24,2750,CE,2734.6,3.05,0.3636750910835266,high
2026-02-24T11:22:32,CAMS,CAMS26FEB710CE,2026-02-24,710,CE,714.0,6.175,0.6221398526229858,high
2026-02-24T11:22:33,CANBK,CANBK26FEB157CE,2026-02-24,157,CE,157.43,0.925,0.5041512897949219,high
2026-02-24T11:22:35,CDSL,CDSL26FEB1340CE,2026-02-24,1340,CE,1332.4,1.2999999999999998,0.3452310334930419,high
2026-02-24T11:22:36,CGPOWER,CGPOWER26FEB720CE,2026-02-24,720,CE,715.8,0.7250000000000001,0.3565225351409912,high
2026-02-24T11:22:37,CHOLAFIN,CHOLAFIN26FEB1700CE,2026-02-24,1700,CE,1708.2,12.425,0.5152902035827636,high
2026-02-24T11:22:39,CIPLA,CIPLA26FEB1330CE,2026-02-24,1330,CE,1327.3,3.35,0.3964051870765687,high
2026-02-24T11:22:40,COALINDIA,COALINDIA26FEB425CE,2026-02-24,425,CE,425.4,2.5,0.6218346769027709,high
2026-02-24T11:22:41,COFORGE,COFORGE26FEB1220CE,2026-02-24,1220,CE,1223.4,11.35,0.9018906206474306,high
2026-02-24T11:22:43,COLPAL,COLPAL26FEB2200CE,2026-02-24,2200,CE,2204.7,6.425,0.1861200423660278,high
2026-02-24T11:22:44,CONCOR,CONCOR26FEB505CE,2026-02-24,505,CE,502.85,1.0,0.4306802351531983,high
2026-02-24T11:22:45,CROMPTON,CROMPTON26FEB260CE,2026-02-24,260,CE,261.41,2.245,0.6320199165649414,high
2026-02-24T11:22:47,CUMMINSIND,CUMMINSIND26FEB4900CE,2026-02-24,4900,CE,4875.7,12.825,0.5416831350107192,high
2026-02-24T11:22:48,DABUR,DABUR26FEB515CE,2026-02-24,515,CE,515.25,0.8,0.1479349303741455,high
2026-02-24T11:22:49,DALBHARAT,DALBHARAT26FEB2080CE,2026-02-24,2080,CE,2075.0,10.5,0.7132729520721436,high
2026-02-24T11:22:51,DELHIVERY,DELHIVERY26FEB435CE,2026-02-24,435,CE,434.2,1.15,0.4019937174530029,high
2026-02-24T11:22:52,DIVISLAB,DIVISLAB26FEB6300CE,2026-02-24,6300,CE,6291.5,18.075,0.403705562508583,high
2026-02-24T11:22:53,DIXON,DIXON26FEB10500CE,2026-02-24,10500,CE,10488.0,37.875,0.4789623719506264,high
2026-02-24T11:22:55,DLF,DLF26FEB620CE,2026-02-24,620,CE,621.15,1.875,0.2239618316726684,high
2026-02-24T11:22:56,DMART,DMART26FEB3800CE,2026-02-24,3800,CE,3811.4,17.9,0.3408727427387237,high
2026-02-24T11:22:57,DRREDDY,DRREDDY26FEB1310CE,2026-02-24,1310,CE,1306.8,0.6000000000000001,0.1541147387084961,high
2026-02-24T11:22:59,EICHERMOT,EICHERMOT26FEB7950CE,2026-02-24,7950,CE,7947.0,26.25,0.4017314570684434,high
2026-02-24T11:23:00,ETERNAL,ETERNAL26FEB255CE,2026-02-24,255,CE,256.1,2.025,0.6346139101867676,high
2026-02-24T11:23:01,EXIDEIND,EXIDEIND26FEB335CE,2026-02-24,335,CE,336.0,1.2999999999999998,0.2341470713348388,high
2026-02-24T11:23:03,FEDERALBNK,FEDERALBNK26FEB300CE,2026-02-24,300,CE,299.35,0.825,0.4309091169433594,high
2026-02-24T11:23:04,FINNIFTY,FINNIFTY26FEB28400CE,2026-02-24,28400,CE,28414.85,69.0,0.2477452722742557,high
2026-02-24T11:23:05,FORTIS,FORTIS26FEB910CE,2026-02-24,910,CE,912.4,4.15,0.3515634296875,high
2026-02-24T11:23:07,GAIL,GAIL26FEB168CE,2026-02-24,168,CE,167.76,0.215,0.2197275185546875,high
2026-02-24T11:23:08,GLENMARK,GLENMARK26FEB2040CE,2026-02-24,2040,CE,2039.5,7.324999999999999,0.4278001392936706,high
2026-02-24T11:23:09,GMRAIRPORT,GMRAIRPORT26FEB100CE,2026-02-24,100,CE,100.42,0.285,0.5,low
2026-02-24T11:23:11,GODREJCP,GODREJCP26FEB1230CE,2026-02-24,1230,CE,1226.7,0.7749999999999999,0.1881036845474243,high
2026-02-24T11:23:14,GODREJPROP,GODREJPROP26FEB1800CE,2026-02-24,1800,CE,1806.0,9.725,0.4002771040267944,high
2026-02-24T11:23:18,GRASIM,GRASIM26FEB2860CE,2026-02-24,2860,CE,2856.9,7.15,0.3471097715206146,high
2026-02-24T11:23:19,HAL,HAL26FEB4000CE,2026-02-24,4000,CE,3997.9,11.55,0.3622255064125061,high
2026-02-24T11:23:21,HAVELLS,HAVELLS26FEB1410CE,2026-02-24,1410,CE,1409.1,4.675000000000001,0.418158493883133,high
2026-02-24T11:23:22,HCLTECH,HCLTECH26FEB1360CE,2026-02-24,1360,CE,1362.5,10.15,0.7500466263580322,high
2026-02-24T11:23:23,HDFCAMC,HDFCAMC26FEB2700CE,2026-02-24,2700,CE,2708.9,18.05,0.5594739258251191,high
2026-02-24T11:23:24,HDFCBANK,HDFCBANK26FEB920CE,2026-02-24,920,CE,921.3,3.1500000000000004,0.3054246754875183,high
2026-02-24T11:23:26,HDFCLIFE,HDFCLIFE26FEB740CE,2026-02-24,740,CE,740.0,1.75,0.2720651545715332,high
2026-02-24T11:23:27,HEROMOTOCO,HEROMOTOCO26FEB5500CE,2026-02-24,5500,CE,5506.5,7.825,0.0746212319631576,high
2026-02-24T11:23:28,HINDALCO,HINDALCO26FEB920CE,2026-02-24,920,CE,920.1,2.175,0.2656183174819946,high
2026-02-24T11:23:29,HINDPETRO,HINDPETRO26FEB440CE,2026-02-24,440,CE,441.95,2.15,0.2156839402618408,high
2026-02-24T11:23:31,HINDUNILVR,HINDUNILVR26FEB2360CE,2026-02-24,2360,CE,2353.0,5.175,0.4017266886978149,high
2026-02-24T11:23:32,HINDZINC,HINDZINC26FEB595CE,2026-02-24,595,CE,594.15,2.575,0.5788430473175049,high
2026-02-24T11:23:33,HUDCO,HUDCO26FEB192.5CE,2026-02-24,192,CE,192.39,0.665,0.2645883494262695,high
2026-02-24T11:23:35,ICICIBANK,ICICIBANK26FEB1390CE,2026-02-24,1390,CE,1392.8,5.449999999999999,0.3216371356239318,high
2026-02-24T11:23:36,ICICIGI,ICICIGI26FEB1920CE,2026-02-24,1920,CE,1924.3,9.85,0.4500493566455842,high
2026-02-24T11:23:37,ICICIPRULI,ICICIPRULI26FEB660CE,2026-02-24,660,CE,662.2,0.85,0.5,low
2026-02-24T11:23:39,IDEA,IDEA26FEB11CE,2026-02-24,11,CE,10.89,0.015,0.556641513671875,high
2026-02-24T11:23:40,IDFCFIRSTB,IDFCFIRSTB26FEB70CE,2026-02-24,70,CE,70.69,0.765,0.4943856667480468,high
2026-02-24T11:23:41,IEX,IEX26FEB125CE,2026-02-24,125,CE,124.9,0.49,0.4974374239501952,high
2026-02-24T11:23:43,INDHOTEL,INDHOTEL26FEB670CE,2026-02-24,670,CE,671.55,1.775,0.1279077737350463,high
2026-02-24T11:23:44,INDIANB,INDIANB26FEB990CE,2026-02-24,990,CE,985.7,2.075,0.450020746421814,high
2026-02-24T11:23:45,INDIGO,INDIGO26FEB4850CE,2026-02-24,4850,CE,4841.2,3.0250000000000004,0.1542196428623199,high
2026-02-24T11:23:47,INDUSINDBK,INDUSINDBK26FEB930CE,2026-02-24,930,CE,926.85,1.375,0.3304681580276489,high
2026-02-24T11:23:48,INDUSTOWER,INDUSTOWER26FEB470CE,2026-02-24,470,CE,469.15,0.875,0.3080758895568848,high
2026-02-24T11:23:49,INFY,INFY26FEB1280CE,2026-02-24,1280,CE,1280.3,8.525,0.7560356998672486,high
2026-02-24T11:23:51,INOXWIND,INOXWIND26FEB95CE,2026-02-24,95,CE,95.72,0.7749999999999999,0.333863237915039,high
2026-02-24T11:23:52,IOC,IOC26FEB179CE,2026-02-24,179,CE,178.54,0.505,0.4596719285736085,high
2026-02-24T11:23:53,IRCTC,IRCTC26FEB635CE,2026-02-24,635,CE,634.75,3.0,0.5683144849700928,high
2026-02-24T11:23:55,IREDA,IREDA26FEB127CE,2026-02-24,127,CE,126.93,0.8999999999999999,0.8511360836791995,high
2026-02-24T11:23:56,IRFC,IRFC26FEB111CE,2026-02-24,111,CE,110.64,0.5549999999999999,0.7521065624694825,high
2026-02-24T11:23:57,ITC,ITC26FEB323.5CE,2026-02-24,324,CE,323.0,0.175,0.1895914161834717,high
2026-02-24T11:23:59,JINDALSTEL,JINDALSTEL26FEB1230CE,2026-02-24,1230,CE,1225.6,3.125,0.4725846762351989,high
2026-02-24T11:24:00,JIOFIN,JIOFIN26FEB255CE,2026-02-24,255,CE,255.55,0.825,0.2258310329589844,high
2026-02-24T11:24:01,JSWENERGY,JSWENERGY26FEB485CE,2026-02-24,485,CE,483.75,0.5,0.2389535889282226,high
2026-02-24T11:24:03,JSWSTEEL,JSWSTEEL26FEB1250CE,2026-02-24,1250,CE,1245.3,0.8,0.2285013205108643,high
2026-02-24T11:24:04,JUBLFOOD,JUBLFOOD26FEB525CE,2026-02-24,525,CE,524.2,2.7,0.6796273289184571,high
2026-02-24T11:24:05,KALYANKJIL,KALYANKJIL26FEB405CE,2026-02-24,405,CE,402.55,0.675,0.4617318646850586,high
2026-02-24T11:24:08,KAYNES,KAYNES26FEB3800CE,2026-02-24,3800,CE,3782.2,9.675,0.5222710981826781,high
2026-02-24T11:24:10,KEI,KEI26FEB4800CE,2026-02-24,4800,CE,4798.4,25.375,0.6303795970687867,high
2026-02-24T11:24:13,KFINTECH,KFINTECH26FEB1000CE,2026-02-24,1000,CE,995.8,5.475,0.8565910996780397,high
2026-02-24T11:24:19,KOTAKBANK,KOTAKBANK26FEB432.5CE,2026-02-24,432,CE,431.35,0.4,0.1802835567169189,high
2026-02-24T11:24:21,KPITTECH,KPITTECH26FEB780CE,2026-02-24,780,CE,784.4,8.025,0.8205422177276612,high
2026-02-24T11:24:22,LAURUSLABS,LAURUSLABS26FEB1020CE,2026-02-24,1020,CE,1021.0,2.575,0.2294168476715088,high
2026-02-24T11:24:23,LICHSGFIN,LICHSGFIN26FEB530CE,2026-02-24,530,CE,530.1,1.475,0.3099450908432007,high
2026-02-24T11:24:24,LICI,LICI26FEB880CE,2026-02-24,880,CE,882.45,3.275,0.2328119275588989,high
2026-02-24T11:24:25,LODHA,LODHA26FEB1060CE,2026-02-24,1060,CE,1062.15,6.1,0.5392083506546022,high
2026-02-24T11:24:26,LT,LT26FEB4380CE,2026-02-24,4380,CE,4381.0,11.15,0.2800760172271728,high
2026-02-24T11:24:27,LTF,LTF26FEB300CE,2026-02-24,300,CE,299.5,1.25,0.5737313540039062,high
2026-02-24T11:24:29,LTIM,LTIM26FEB4650CE,2026-02-24,4650,CE,4639.0,31.700000000000003,0.9209688715314868,high
2026-02-24T11:24:30,LUPIN,LUPIN26FEB2260CE,2026-02-24,2260,CE,2252.4,1.275,0.2031431255092621,high
2026-02-24T11:24:31,M&M,M&M26FEB3400CE,2026-02-24,3400,CE,3417.8,12.6,0.5,low
2026-02-24T11:24:33,MANAPPURAM,MANAPPURAM26FEB302.5CE,2026-02-24,302,CE,304.3,2.3,0.5,low
2026-02-24T11:24:34,MANKIND,MANKIND26FEB2060CE,2026-02-24,2060,CE,2057.5,5.6,0.3803834617652893,high
2026-02-24T11:24:35,MARICO,MARICO26FEB810CE,2026-02-24,810,CE,808.05,1.375,0.3163156340026856,high
2026-02-24T11:24:37,MARUTI,MARUTI26FEB15000CE,2026-02-24,15000,CE,14963.0,8.925,0.1755831353700161,high
2026-02-24T11:24:38,MAXHEALTH,MAXHEALTH26FEB1090CE,2026-02-24,1090,CE,1087.5,1.775,0.3026971674880981,high
2026-02-24T11:24:39,MAZDOCK,MAZDOCK26FEB2260CE,2026-02-24,2260,CE,2253.0,8.85,0.6170472327919008,high
2026-02-24T11:24:41,MCX,MCX26FEB2400CE,2026-02-24,2400,CE,2406.7,12.75,0.4327020242996216,high
2026-02-24T11:24:42,MFSL,MFSL26FEB1860CE,2026-02-24,1860,CE,1852.9,5.65,0.5453214018001555,high
2026-02-24T11:24:43,MIDCPNIFTY,MIDCPNIFTY26FEB13425CE,2026-02-24,13425,CE,13431.05,40.525,0.3216693221256733,high
2026-02-24T11:24:45,MOTHERSON,MOTHERSON26FEB131CE,2026-02-24,131,CE,130.86,0.2299999999999999,0.2598581257629394,high
2026-02-24T11:24:46,MPHASIS,MPHASIS26FEB2250CE,2026-02-24,2250,CE,2261.3,20.975,0.7508953963298799,high
2026-02-24T11:24:47,MUTHOOTFIN,MUTHOOTFIN26FEB3500CE,2026-02-24,3500,CE,3480.0,4.525,0.3966054586429596,high
2026-02-24T11:24:49,NATIONALUM,NATIONALUM26FEB340CE,2026-02-24,340,CE,338.7,0.925,0.5067452834167481,high
2026-02-24T11:24:50,NAUKRI,NAUKRI26FEB1040CE,2026-02-24,1040,CE,1034.0,5.55,0.916844230937958,high
2026-02-24T11:24:51,NBCC,NBCC26FEB95CE,2026-02-24,95,CE,94.54,0.48,0.8383187034301758,high
2026-02-24T11:24:53,NESTLEIND,NESTLEIND26FEB1320CE,2026-02-24,1320,CE,1315.6,3.55,0.4805955388908386,high
2026-02-24T11:24:54,NHPC,NHPC26FEB75CE,2026-02-24,75,CE,74.67,0.15,0.4412850914306641,high
2026-02-24T11:24:55,NIFTY,NIFTY26FEB25500CE,2026-02-24,25500,CE,25505.65,54.775000000000006,0.2345607274868488,high
2026-02-24T11:24:57,NIFTYNXT50,NIFTYNXT5026FEB69600CE,2026-02-24,69600,CE,69648.1,137.925,0.1852682921625375,high
2026-02-24T11:24:58,NMDC,NMDC26FEB80CE,2026-02-24,80,CE,79.63,0.08,0.3140268161010742,high
2026-02-24T11:24:59,NTPC,NTPC26FEB375CE,2026-02-24,375,CE,375.95,0.8,0.5,low
2026-02-24T11:25:01,NUVAMA,NUVAMA26FEB1280CE,2026-02-24,1280,CE,1279.3,8.25,0.7783135274429323,high
2026-02-24T11:25:02,NYKAA,NYKAA26FEB260CE,2026-02-24,260,CE,259.75,1.165,0.5731210025634765,high
2026-02-24T11:25:03,OBEROIRLTY,OBEROIRLTY26FEB1520CE,2026-02-24,1520,CE,1523.0,6.325,0.3545770399246216,high
2026-02-24T11:25:05,OFSS,OFSS26FEB6500CE,2026-02-24,6500,CE,6526.0,49.075,0.6135281752681732,high
2026-02-24T11:25:06,OIL,OIL26FEB475CE,2026-02-24,475,CE,472.65,0.8,0.4220590210571289,high
2026-02-24T11:25:07,ONGC,ONGC26FEB275CE,2026-02-24,275,CE,275.15,0.6000000000000001,0.2184305217437744,high
2026-02-24T11:25:09,PAGEIND,PAGEIND26FEB33000CE,2026-02-24,33000,CE,32985.0,164.05,0.6019350741779805,high
2026-02-24T11:25:10,PATANJALI,PATANJALI26FEB530CE,2026-02-24,530,CE,529.45,2.0,0.4949578712234496,high
2026-02-24T11:25:12,PAYTM,PAYTM26FEB1140CE,2026-02-24,1140,CE,1142.4,4.325,0.3003702026214599,high
2026-02-24T11:25:15,PERSISTENT,PERSISTENT26FEB4700CE,2026-02-24,4700,CE,4692.0,28.075,0.7879933198184967,high
2026-02-24T11:25:17,PETRONET,PETRONET26FEB305CE,2026-02-24,305,CE,304.8,1.05,0.4355630466766358,high
2026-02-24T11:25:20,PFC,PFC26FEB417.5CE,2026-02-24,418,CE,415.95,1.275,0.5966958269500732,high
2026-02-24T11:25:21,PGEL,PGEL26FEB610CE,2026-02-24,610,CE,610.25,3.125,0.569306306060791,high
2026-02-24T11:25:22,PHOENIXLTD,PHOENIXLTD26FEB1700CE,2026-02-24,1700,CE,1707.8,8.4,0.2017602980270386,high
2026-02-24T11:25:23,PIDILITIND,PIDILITIND26FEB1480CE,2026-02-24,1480,CE,1483.5,3.6,0.0712213837051391,high
2026-02-24T11:25:24,PIIND,PIIND26FEB3100CE,2026-02-24,3100,CE,3104.6,9.675,0.2654323510274886,high
2026-02-24T11:25:25,PNB,PNB26FEB132CE,2026-02-24,132,CE,131.61,0.39,0.4956063696289062,high
2026-02-24T11:25:26,PNBHOUSING,PNBHOUSING26FEB830CE,2026-02-24,830,CE,829.15,2.5250000000000004,0.4090127590179443,high
2026-02-24T11:25:28,POLICYBZR,POLICYBZR26FEB1500CE,2026-02-24,1500,CE,1500.0,4.175,0.3218374071903228,high
2026-02-24T11:25:29,POLYCAB,POLYCAB26FEB8100CE,2026-02-24,8100,CE,8115.0,38.45,0.4333195282959938,high
2026-02-24T11:25:30,POWERGRID,POWERGRID26FEB302.5CE,2026-02-24,302,CE,303.85,1.15,0.5,low
2026-02-24T11:25:32,POWERINDIA,POWERINDIA26FEB24500CE,2026-02-24,24500,CE,24575.0,122.0,0.371441574744463,high
2026-02-24T11:25:33,PPLPHARMA,PPLPHARMA26FEB160CE,2026-02-24,160,CE,160.0,1.015,0.7357796614379883,high
2026-02-24T11:25:34,PREMIERENE,PREMIERENE26FEB770CE,2026-02-24,770,CE,767.6,2.625,0.5583581270980835,high
2026-02-24T11:25:36,PRESTIGE,PRESTIGE26FEB1460CE,2026-02-24,1460,CE,1461.7,9.4,0.6764802043037415,high
2026-02-24T11:25:37,RBLBANK,RBLBANK26FEB320CE,2026-02-24,320,CE,321.95,2.7750000000000004,0.5828866256103515,high
2026-02-24T11:25:38,RECLTD,RECLTD26FEB355CE,2026-02-24,355,CE,353.3,1.475,0.728226562362671,high
2026-02-24T11:25:40,RELIANCE,RELIANCE26FEB1420CE,2026-02-24,1420,CE,1419.4,2.55,0.2310380936851502,high
2026-02-24T11:25:41,RVNL,RVNL26FEB315CE,2026-02-24,315,CE,314.95,1.5,0.5612954434051513,high
2026-02-24T11:25:42,SAIL,SAIL26FEB157CE,2026-02-24,157,CE,156.93,1.085,0.8277901410827637,high
2026-02-24T11:25:44,SAMMAANCAP,SAMMAANCAP26FEB152.5CE,2026-02-24,152,CE,152.65,1.42,0.8099373614501955,high
2026-02-24T11:25:45,SBICARD,SBICARD26FEB770CE,2026-02-24,770,CE,771.75,3.8,0.4263314811401367,high
2026-02-24T11:25:46,SBILIFE,SBILIFE26FEB2100CE,2026-02-24,2100,CE,2100.6,3.125,0.1541052019672393,high
2026-02-24T11:25:48,SBIN,SBIN26FEB1230CE,2026-02-24,1230,CE,1228.7,2.75,0.3164110014152527,high
2026-02-24T11:25:49,SHREECEM,SHREECEM26FEB26750CE,2026-02-24,26750,CE,26640.0,85.0,0.5773469710328578,high
2026-02-24T11:25:50,SHRIRAMFIN,SHRIRAMFIN26FEB1060CE,2026-02-24,1060,CE,1058.9,3.95,0.4901322801475525,high
2026-02-24T11:25:52,SIEMENS,SIEMENS26FEB3300CE,2026-02-24,3300,CE,3312.1,18.575,0.4032477989282608,high
2026-02-24T11:25:53,SOLARINDS,SOLARINDS26FEB13300CE,2026-02-24,13300,CE,13300.0,57.8,0.5038628033719063,high
2026-02-24T11:25:54,SONACOMS,SONACOMS26FEB530CE,2026-02-24,530,CE,528.3,1.275,0.4409799157104492,high
2026-02-24T11:25:56,SRF,SRF26FEB2600CE,2026-02-24,2600,CE,2593.1,14.025,0.7716282718219758,high
2026-02-24T11:25:57,SUNPHARMA,SUNPHARMA26FEB1730CE,2026-02-24,1730,CE,1734.6,2.125,0.5,low
2026-02-24T11:25:58,SUPREMEIND,SUPREMEIND26FEB3950CE,2026-02-24,3950,CE,3936.7,15.375,0.6290921369991302,high
2026-02-24T11:25:59,SUZLON,SUZLON26FEB44CE,2026-02-24,44,CE,43.94,0.095,0.3231820877075195,high
2026-02-24T11:26:01,SWIGGY,SWIGGY26FEB315CE,2026-02-24,315,CE,316.55,2.625,0.6394204277801513,high
2026-02-24T11:26:02,SYNGENE,SYNGENE26FEB440CE,2026-02-24,440,CE,444.65,5.475,0.651398574798584,high
2026-02-24T11:26:04,TATACONSUM,TATACONSUM26FEB1170CE,2026-02-24,1170,CE,1172.0,1.875,0.5,low
2026-02-24T11:26:05,TATAELXSI,TATAELXSI26FEB4550CE,2026-02-24,4550,CE,4551.5,18.6,0.4544982464418411,high
2026-02-24T11:26:06,TATAPOWER,TATAPOWER26FEB375CE,2026-02-24,375,CE,376.2,2.85,0.6790551244430543,high
2026-02-24T11:26:08,TATASTEEL,TATASTEEL26FEB208CE,2026-02-24,208,CE,208.3,0.16,0.5,low
2026-02-24T11:26:09,TATATECH,TATATECH26FEB585CE,2026-02-24,585,CE,586.35,3.125,0.4728707784729004,high
2026-02-24T11:26:10,TCS,TCS26FEB2600CE,2026-02-24,2600,CE,2599.8,9.275,0.4180440529880523,high
2026-02-24T11:26:13,TECHM,TECHM26FEB1380CE,2026-02-24,1380,CE,1376.4,6.525,0.6910523449440003,high
2026-02-24T11:26:16,TIINDIA,TIINDIA26FEB2540CE,2026-02-24,2540,CE,2546.2,5.475,0.5,low
2026-02-24T11:26:18,TITAN,TITAN26FEB4280CE,2026-02-24,4280,CE,4277.6,9.15,0.2788743878288269,high
2026-02-24T11:26:20,TMPV,TMPV26FEB380CE,2026-02-24,380,CE,377.85,0.125,0.2336130138244629,high
2026-02-24T11:26:21,TORNTPHARM,TORNTPHARM26FEB4380CE,2026-02-24,4380,CE,4375.0,8.0,0.2727470315713882,high
2026-02-24T11:26:22,TORNTPOWER,TORNTPOWER26FEB1540CE,2026-02-24,1540,CE,1536.8,3.225,0.3506669760093688,high
2026-02-24T11:26:23,TRENT,TRENT26FEB4000CE,2026-02-24,4000,CE,3998.7,5.050000000000001,0.1637468473777771,high
2026-02-24T11:26:24,TVSMOTOR,TVSMOTOR26FEB3840CE,2026-02-24,3840,CE,3832.4,6.1,0.2845249070234298,high
2026-02-24T11:26:26,ULTRACEMCO,ULTRACEMCO26FEB13000CE,2026-02-24,13000,CE,12987.0,13.325,0.1700792435722351,high
2026-02-24T11:26:27,UNIONBANK,UNIONBANK26FEB202.5CE,2026-02-24,202,CE,201.96,0.77,0.4537972959594727,high
2026-02-24T11:26:28,UNITDSPR,UNITDSPR26FEB1420CE,2026-02-24,1420,CE,1419.6,3.425,0.295468317615509,high
2026-02-24T11:26:29,UNOMINDA,UNOMINDA26FEB1180CE,2026-02-24,1180,CE,1176.8,4.425000000000001,0.5804452198486327,high
2026-02-24T11:26:30,UPL,UPL26FEB640CE,2026-02-24,640,CE,641.15,3.425,0.5095300118637085,high
2026-02-24T11:26:32,VBL,VBL26FEB455CE,2026-02-24,455,CE,455.25,1.775,0.4197702031555176,high
2026-02-24T11:26:33,VEDL,VEDL26FEB690CE,2026-02-24,690,CE,688.3,1.725,0.4183206184844971,high
2026-02-24T11:26:34,VOLTAS,VOLTAS26FEB1540CE,2026-02-24,1540,CE,1548.1,9.25,0.2940759533920288,high
2026-02-24T11:26:36,WAAREEENER,WAAREEENER26FEB2950CE,2026-02-24,2950,CE,2968.0,30.45,0.7924565147266389,high
2026-02-24T11:26:37,WIPRO,WIPRO26FEB202.5CE,2026-02-24,202,CE,201.89,0.745,0.4592141649932861,high
2026-02-24T11:26:38,YESBANK,YESBANK26FEB21CE,2026-02-24,21,CE,20.95,0.015,0.1904306494140625,high
2026-02-24T11:26:40,ZYDUSLIFE,ZYDUSLIFE26FEB910CE,2026-02-24,910,CE,905.4,0.525,0.2630624708251953,high
2026-02-24T11:38:40,360ONE,360ONE26MAR1120CE,2026-03-30,1120,CE,1121.9,45.05,0.2994201047737598,high
2026-02-24T11:38:41,ABB,ABB26MAR5900CE,2026-03-30,5900,CE,5925.0,257.725,0.3163201043501497,high
2026-02-24T11:38:42,ABCAPITAL,ABCAPITAL26MAR345CE,2026-03-30,345,CE,346.85,13.075,0.263286584244728,high
2026-02-24T11:38:43,ADANIENSOL,ADANIENSOL26MAR1010CE,2026-03-30,1010,CE,1009.95,46.35,0.3539809935960769,high
2026-02-24T11:38:45,ADANIENT,ADANIENT26MAR2200CE,2026-03-30,2200,CE,2193.0,82.42500000000001,0.2983823881157637,high
2026-02-24T11:38:46,ADANIGREEN,ADANIGREEN26MAR970CE,2026-03-30,970,CE,965.85,45.875,0.384186237341404,high
2026-02-24T11:38:47,ADANIPORTS,ADANIPORTS26MAR1540CE,2026-03-30,1540,CE,1546.8,55.575,0.2527520614340305,high
2026-02-24T11:38:49,ALKEM,ALKEM26MAR5450CE,2026-03-30,5450,CE,5468.0,187.875,0.2445898030109405,high
2026-02-24T11:38:50,AMBER,AMBER26MAR7800CE,2026-03-30,7800,CE,7816.5,373.275,0.3604314069635867,high
2026-02-24T11:38:51,AMBUJACEM,AMBUJACEM26MAR515CE,2026-03-30,515,CE,514.8,16.4,0.2397379858965874,high
2026-02-24T11:38:53,ANGELONE,ANGELONE26MAR2500CE,2026-03-30,2500,CE,2482.6,110.4,0.3698942384755611,high
2026-02-24T11:38:54,APLAPOLLO,APLAPOLLO26MAR2200CE,2026-03-30,2200,CE,2202.6,61.475,0.2004197898341417,high
2026-02-24T11:38:55,APOLLOHOSP,APOLLOHOSP26MAR7700CE,2026-03-30,7700,CE,7714.5,184.775,0.1644689575048089,high
2026-02-24T11:38:57,ASHOKLEY,ASHOKLEY26MAR210CE,2026-03-30,210,CE,210.36,6.525,0.2238235489244461,high
2026-02-24T11:38:58,ASIANPAINT,ASIANPAINT26MAR2420CE,2026-03-30,2420,CE,2413.1,62.025,0.1994136636315584,high
2026-02-24T11:38:59,ASTRAL,ASTRAL26MAR1660CE,2026-03-30,1660,CE,1654.0,39.1,0.1856265160059929,high
2026-02-24T11:39:01,AUBANK,AUBANK26MAR990CE,2026-03-30,990,CE,986.65,34.575,0.2783164884653091,high
2026-02-24T11:39:02,AUROPHARMA,AUROPHARMA26MAR1160CE,2026-03-30,1160,CE,1163.3,46.15,0.2905676247022152,high
2026-02-24T11:39:03,AXISBANK,AXISBANK26MAR1390CE,2026-03-30,1390,CE,1393.4,36.875,0.1828262903544902,high
2026-02-24T11:39:05,BAJAJ-AUTO,BAJAJ-AUTO26MAR9800CE,2026-03-30,9800,CE,9796.0,259.15,0.1952790392620265,high
2026-02-24T11:39:06,BAJAJFINSV,BAJAJFINSV26MAR2040CE,2026-03-30,2040,CE,2045.1,56.7,0.1930639820935726,high
2026-02-24T11:39:07,BAJAJHLDNG,BAJAJHLDNG26MAR11500CE,2026-03-30,11500,CE,11532.0,461.85,0.2939583832537234,high
2026-02-24T11:39:09,BAJFINANCE,BAJFINANCE26MAR1030CE,2026-03-30,1030,CE,1025.8,26.075,0.2021393834919929,high
2026-02-24T11:39:10,BANDHANBNK,BANDHANBNK26MAR177.5CE,2026-03-30,178,CE,178.35,8.275,0.3498468162612915,high
2026-02-24T11:39:13,BANKBARODA,BANKBARODA26MAR315CE,2026-03-30,315,CE,313.8,9.85,0.2500495873804091,high
2026-02-24T11:39:15,BANKINDIA,BANKINDIA26MAR178CE,2026-03-30,178,CE,177.64,7.17,0.3165063688278198,high
2026-02-24T11:39:18,BANKNIFTY,BANKNIFTY26MAR61400CE,2026-03-30,61400,CE,61426.65,1067.3000000000002,0.1163436181446835,high
2026-02-24T11:39:19,BDL,BDL26MAR1260CE,2026-03-30,1260,CE,1258.1,46.7,0.2877244837150573,high
2026-02-24T11:39:21,BEL,BEL26MAR435CE,2026-03-30,435,CE,434.65,14.125,0.2467641800174713,high
2026-02-24T11:39:22,BHARATFORG,BHARATFORG26MAR1840CE,2026-03-30,1840,CE,1830.1,65.275,0.2914712309362888,high
2026-02-24T11:39:23,BHARTIARTL,BHARTIARTL26MAR1940CE,2026-03-30,1940,CE,1941.4,52.6,0.195674665012598,high
2026-02-24T11:39:24,BHEL,BHEL26MAR257.5CE,2026-03-30,258,CE,258.3,10.6,0.3089437330112456,high
2026-02-24T11:39:25,BIOCON,BIOCON26MAR390CE,2026-03-30,390,CE,387.7,13.275,0.2818260092477799,high
2026-02-24T11:39:26,BLUESTARCO,BLUESTARCO26MAR1960CE,2026-03-30,1960,CE,1952.6,78.44999999999999,0.3220650968878268,high
2026-02-24T11:39:27,BOSCHLTD,BOSCHLTD26MAR35000CE,2026-03-30,35000,CE,35090.0,1225.625,0.2524807485958561,high
2026-02-24T11:39:29,BPCL,BPCL26MAR375CE,2026-03-30,375,CE,373.95,12.825,0.2698049468936919,high
2026-02-24T11:39:30,BRITANNIA,BRITANNIA26MAR6150CE,2026-03-30,6150,CE,6138.0,155.9,0.193146534510076,high
2026-02-24T11:39:31,BSE,BSE26MAR2750CE,2026-03-30,2750,CE,2737.0,131.10000000000002,0.3892675322922467,high
2026-02-24T11:39:33,CAMS,CAMS26MAR710CE,2026-03-30,710,CE,714.0,28.575,0.2814373870415688,high
2026-02-24T11:39:34,CANBK,CANBK26MAR158CE,2026-03-30,158,CE,157.95,5.885,0.2839479341773987,high
2026-02-24T11:39:35,CDSL,CDSL26MAR1340CE,2026-03-30,1340,CE,1333.0,44.7,0.2733418858072757,high
2026-02-24T11:39:37,CGPOWER,CGPOWER26MAR720CE,2026-03-30,720,CE,715.45,26.450000000000003,0.3058776706972123,high
2026-02-24T11:39:38,CHOLAFIN,CHOLAFIN26MAR1720CE,2026-03-30,1720,CE,1715.3,52.8,0.2406535130572319,high
2026-02-24T11:39:39,CIPLA,CIPLA26MAR1330CE,2026-03-30,1330,CE,1330.2,35.525000000000006,0.1949522568624019,high
2026-02-24T11:39:41,COALINDIA,COALINDIA26MAR425CE,2026-03-30,425,CE,425.85,13.525,0.228725433930397,high
2026-02-24T11:39:42,COFORGE,COFORGE26MAR1220CE,2026-03-30,1220,CE,1222.6,76.55,0.4830631706910134,high
2026-02-24T11:39:43,COLPAL,COLPAL26MAR2200CE,2026-03-30,2200,CE,2206.9,68.75,0.2187094714255333,high
2026-02-24T11:39:45,CONCOR,CONCOR26MAR505CE,2026-03-30,505,CE,503.65,13.875,0.2138433491992951,high
2026-02-24T11:39:46,CROMPTON,CROMPTON26MAR260CE,2026-03-30,260,CE,262.0,11.38,0.3008422713136672,high
2026-02-24T11:39:47,CUMMINSIND,CUMMINSIND26MAR4900CE,2026-03-30,4900,CE,4878.4,165.95,0.2740398560580015,high
2026-02-24T11:39:49,DABUR,DABUR26MAR515CE,2026-03-30,515,CE,515.05,14.975,0.2147350345067978,high
2026-02-24T11:39:50,DALBHARAT,DALBHARAT26MAR2080CE,2026-03-30,2080,CE,2073.9,73.94999999999999,0.2815351386394501,high
2026-02-24T11:39:51,DELHIVERY,DELHIVERY26MAR435CE,2026-03-30,435,CE,433.1,15.125,0.2813062568492889,high
2026-02-24T11:39:53,DIVISLAB,DIVISLAB26MAR6300CE,2026-03-30,6300,CE,6282.5,179.525,0.2227107304290533,high
2026-02-24T11:39:54,DIXON,DIXON26MAR10500CE,2026-03-30,10500,CE,10470.0,543.0,0.4144262007853686,high
2026-02-24T11:39:55,DLF,DLF26MAR620CE,2026-03-30,620,CE,621.85,26.175,0.3100070796613693,high
2026-02-24T11:39:57,DMART,DMART26MAR3800CE,2026-03-30,3800,CE,3809.5,119.55,0.2234158532357216,high
2026-02-24T11:39:58,DRREDDY,DRREDDY26MAR1310CE,2026-03-30,1310,CE,1308.0,36.2,0.2100966019780636,high
2026-02-24T11:39:59,EICHERMOT,EICHERMOT26MAR7950CE,2026-03-30,7950,CE,7949.0,230.275,0.214815202737987,high
2026-02-24T11:40:01,ETERNAL,ETERNAL26MAR255CE,2026-03-30,255,CE,256.1,13.3,0.385857551246643,high
2026-02-24T11:40:02,EXIDEIND,EXIDEIND26MAR335CE,2026-03-30,335,CE,336.25,12.1,0.2562150906028747,high
2026-02-24T11:40:03,FEDERALBNK,FEDERALBNK26MAR300CE,2026-03-30,300,CE,299.5,9.1,0.2329692837896347,high
2026-02-24T11:40:05,FINNIFTY,FINNIFTY26MAR28400CE,2026-03-30,28400,CE,28438.3,583.275,0.1382545792051479,high
2026-02-24T11:40:06,FORTIS,FORTIS26MAR910CE,2026-03-30,910,CE,912.85,31.25,0.2442977403099536,high
2026-02-24T11:40:07,GAIL,GAIL26MAR168CE,2026-03-30,168,CE,168.05,4.95,0.2170190840377808,high
2026-02-24T11:40:09,GLENMARK,GLENMARK26MAR2040CE,2026-03-30,2040,CE,2044.2,73.5,0.2631852563688755,high
2026-02-24T11:40:10,GMRAIRPORT,GMRAIRPORT26MAR100CE,2026-03-30,100,CE,100.33,4.08,0.2968606818389893,high
2026-02-24T11:40:12,GODREJCP,GODREJCP26MAR1230CE,2026-03-30,1230,CE,1226.8,30.55,0.1917908271358013,high
2026-02-24T11:40:15,GODREJPROP,GODREJPROP26MAR1800CE,2026-03-30,1800,CE,1801.5,80.35,0.339714028676033,high
2026-02-24T11:40:17,GRASIM,GRASIM26MAR2860CE,2026-03-30,2860,CE,2862.0,79.475,0.2013561786162853,high
2026-02-24T11:40:19,HAL,HAL26MAR4000CE,2026-03-30,4000,CE,3995.6,166.89999999999998,0.3243336492142676,high
2026-02-24T11:40:20,HAVELLS,HAVELLS26MAR1410CE,2026-03-30,1410,CE,1414.9,40.65,0.1970545122631788,high
2026-02-24T11:40:21,HCLTECH,HCLTECH26MAR1360CE,2026-03-30,1360,CE,1357.7,58.0,0.3345463070075512,high
2026-02-24T11:40:22,HDFCAMC,HDFCAMC26MAR2700CE,2026-03-30,2700,CE,2702.8,87.44999999999999,0.2378008353288173,high
2026-02-24T11:40:23,HDFCBANK,HDFCBANK26MAR920CE,2026-03-30,920,CE,921.35,23.4,0.178347598241806,high
2026-02-24T11:40:24,HDFCLIFE,HDFCLIFE26MAR740CE,2026-03-30,740,CE,739.35,18.15,0.181580553527832,high
2026-02-24T11:40:25,HEROMOTOCO,HEROMOTOCO26MAR5500CE,2026-03-30,5500,CE,5510.5,185.475,0.2448312017740011,high
2026-02-24T11:40:27,HINDALCO,HINDALCO26MAR920CE,2026-03-30,920,CE,920.95,34.85,0.2831146614100933,high
2026-02-24T11:40:28,HINDPETRO,HINDPETRO26MAR445CE,2026-03-30,445,CE,442.6,16.375,0.3024349071035385,high
2026-02-24T11:40:29,HINDUNILVR,HINDUNILVR26MAR2360CE,2026-03-30,2360,CE,2356.0,54.55,0.173579227613449,high
2026-02-24T11:40:31,HINDZINC,HINDZINC26MAR595CE,2026-03-30,595,CE,593.9,27.975,0.3712544161972999,high
2026-02-24T11:40:32,HUDCO,HUDCO26MAR192.5CE,2026-03-30,192,CE,191.93,8.7,0.350628829044342,high
2026-02-24T11:40:33,ICICIBANK,ICICIBANK26MAR1390CE,2026-03-30,1390,CE,1394.0,30.325,0.1415250481569767,high
2026-02-24T11:40:35,ICICIGI,ICICIGI26MAR1920CE,2026-03-30,1920,CE,1916.6,52.375,0.2082536267302036,high
2026-02-24T11:40:36,ICICIPRULI,ICICIPRULI26MAR660CE,2026-03-30,660,CE,662.35,21.075,0.2223691958827972,high
2026-02-24T11:40:38,IDEA,IDEA26MAR11CE,2026-03-30,11,CE,10.9,0.595,0.4611215132446289,high
2026-02-24T11:40:39,IDFCFIRSTB,IDFCFIRSTB26MAR70CE,2026-03-30,70,CE,70.29,4.27,0.459519340713501,high
2026-02-24T11:40:40,IEX,IEX26MAR126CE,2026-03-30,126,CE,125.59,5.25,0.3333291804046631,high
2026-02-24T11:40:42,INDHOTEL,INDHOTEL26MAR675CE,2026-03-30,675,CE,672.95,17.725,0.20541286992836,high
2026-02-24T11:40:43,INDIANB,INDIANB26MAR990CE,2026-03-30,990,CE,985.55,36.8,0.3016576626911164,high
2026-02-24T11:40:44,INDIGO,INDIGO26MAR4850CE,2026-03-30,4850,CE,4841.6,141.375,0.2235028759996891,high
2026-02-24T11:40:46,INDUSINDBK,INDUSINDBK26MAR930CE,2026-03-30,930,CE,932.25,33.175,0.258584970805168,high
2026-02-24T11:40:47,INDUSTOWER,INDUSTOWER26MAR470CE,2026-03-30,470,CE,469.65,15.9,0.2576980538682938,high
2026-02-24T11:40:48,INFY,INFY26MAR1280CE,2026-03-30,1280,CE,1280.2,59.05,0.3550622216360569,high
2026-02-24T11:40:49,INOXWIND,INOXWIND26MAR95CE,2026-03-30,95,CE,95.88,5.84,0.4396638454170227,high
2026-02-24T11:40:51,IOC,IOC26MAR179CE,2026-03-30,179,CE,178.98,5.57,0.232506751838684,high
2026-02-24T11:40:52,IRCTC,IRCTC26FEB635CE,2026-02-24,635,CE,633.1,2.5250000000000004,0.6406792776260377,high
