Datetime,open,high,low,close,volume
2025-06-30 00:00:00+05:30,14000,14450,13951,14379,98360
2025-07-01 00:00:00+05:30,14473,14630,14221,14341,87116
2025-07-02 00:00:00+05:30,14448,14538,14265,14417,35886
2025-07-03 00:00:00+05:30,14444,14524,14116,14184,32741
2025-07-04 00:00:00+05:30,14293,14405,14174,14227,28212
2025-07-07 00:00:00+05:30,14291,14349,14105,14288,21147
2025-07-08 00:00:00+05:30,14332,14346,13850,13882,35627
2025-07-09 00:00:00+05:30,13951,13972,13701,13862,33064
2025-07-10 00:00:00+05:30,13862,13916,13740,13875,22679
2025-07-11 00:00:00+05:30,13950,14100,13710,13752,21532
2025-07-14 00:00:00+05:30,13805,14299,13659,14148,57795
2025-07-15 00:00:00+05:30,14220,14350,14008,14164,39811
2025-07-16 00:00:00+05:30,14164,14220,14050,14095,30787
2025-07-17 00:00:00+05:30,14161,14161,14022,14100,14426
2025-07-18 00:00:00+05:30,14100,14146,13800,13848,24707
2025-07-21 00:00:00+05:30,13940,14100,13763,14035,61972
2025-07-22 00:00:00+05:30,14100,14107,13949,14070,22959
2025-07-23 00:00:00+05:30,14172,14172,13939,13973,21611
2025-07-24 00:00:00+05:30,14033,14204,13901,14165,108160
2025-07-25 00:00:00+05:30,14150,14150,13675,13852,83665
2025-07-28 00:00:00+05:30,13900,14149,13511,13802,50923
2025-07-29 00:00:00+05:30,13804,14117,13562,14062,47610
2025-07-30 00:00:00+05:30,14099,14119,13903,14059,17412
2025-07-31 00:00:00+05:30,13844,14061,13844,13963,27343
2025-08-01 00:00:00+05:30,13975,14034,13781,13848,21385
2025-08-04 00:00:00+05:30,13715,14250,13641,13899,48902
2025-08-05 00:00:00+05:30,13964,13987,13800,13861,22438
2025-08-06 00:00:00+05:30,13900,13974,13531,13607,49939
2025-08-07 00:00:00+05:30,14000,14445,13645,13780,293772
2025-08-08 00:00:00+05:30,13909,14374,13667,13718,94466
2025-08-11 00:00:00+05:30,13828,14099,13515,14047,45715
2025-08-12 00:00:00+05:30,13902,14109,13755,13805,25155
2025-08-13 00:00:00+05:30,13933,14021,13813,13917,22910
2025-08-14 00:00:00+05:30,13970,14200,13900,14136,26389
2025-08-18 00:00:00+05:30,14136,14763,14135,14523,94360
2025-08-19 00:00:00+05:30,14636,14636,13700,13785,131464
2025-08-20 00:00:00+05:30,13853,13874,13405,13642,111820
2025-08-21 00:00:00+05:30,13780,13780,13568,13700,36999
2025-08-22 00:00:00+05:30,13700,13850,13421,13545,33115
2025-08-25 00:00:00+05:30,13630,13630,13200,13265,61206
2025-08-26 00:00:00+05:30,13299,13350,12840,12997,92529
2025-08-28 00:00:00+05:30,13050,13200,12900,12966,38487
2025-08-29 00:00:00+05:30,13030,13040,12751,12770,38945
2025-09-01 00:00:00+05:30,12770,12847,12481,12544,89792
2025-09-02 00:00:00+05:30,12600,12744,12544,12620,44479
2025-09-03 00:00:00+05:30,12720,13067,12650,13023,53649
2025-09-04 00:00:00+05:30,13200,13200,12850,12981,39931
2025-09-05 00:00:00+05:30,13079,13079,12835,12926,50777
2025-09-08 00:00:00+05:30,12934,13000,12717,12771,61431
2025-09-09 00:00:00+05:30,12850,13100,12776,13064,55948
2025-09-10 00:00:00+05:30,13120,13297,12950,13054,47841
2025-09-11 00:00:00+05:30,13140,13260,13004,13099,25540
2025-09-12 00:00:00+05:30,13188,13243,13107,13211,66532
2025-09-15 00:00:00+05:30,13279,13280,13111,13198,51240
2025-09-16 00:00:00+05:30,13275,13600,13158,13525,53962
2025-09-17 00:00:00+05:30,13590,13880,13551,13663,63527
2025-09-18 00:00:00+05:30,13664,13703,13445,13467,25665
2025-09-19 00:00:00+05:30,13469,13520,13152,13206,95999
2025-09-22 00:00:00+05:30,13209,13419,13142,13279,29040
2025-09-23 00:00:00+05:30,13328,13345,13175,13265,28684
2025-09-24 00:00:00+05:30,13215,13290,13152,13203,14576
2025-09-25 00:00:00+05:30,13225,13263,12850,12899,31085
2025-09-26 00:00:00+05:30,12897,12985,12544,12698,32351
2025-09-29 00:00:00+05:30,12798,12903,12320,12462,125091
2025-09-30 00:00:00+05:30,12570,12690,11890,12247,103078
2025-10-01 00:00:00+05:30,12100,12301,11940,11996,81652
2025-10-03 00:00:00+05:30,12039,12039,11780,11819,119815
2025-10-06 00:00:00+05:30,11828,11986,11782,11802,57423
2025-10-07 00:00:00+05:30,11880,12148,11810,12089,102380
2025-10-08 00:00:00+05:30,12250,12273,12015,12093,38642
2025-10-09 00:00:00+05:30,12151,12166,11884,11909,33143
2025-10-10 00:00:00+05:30,11980,12148,11888,12074,31215
2025-10-13 00:00:00+05:30,11911,12400,11911,12354,44409
2025-10-14 00:00:00+05:30,12302,12362,12095,12211,39400
2025-10-15 00:00:00+05:30,12225,12300,12125,12217,25443
2025-10-16 00:00:00+05:30,12217,12563,12217,12501,46094
2025-10-17 00:00:00+05:30,12520,12681,12325,12655,46744
2025-10-20 00:00:00+05:30,12593,12676,12510,12605,24435
2025-10-21 00:00:00+05:30,12799,12799,12623,12732,7414
2025-10-23 00:00:00+05:30,12735,13186,12683,13144,102501
2025-10-24 00:00:00+05:30,13144,13167,12953,13144,76553
2025-10-27 00:00:00+05:30,13140,13157,12901,12953,42072
2025-10-28 00:00:00+05:30,12953,13074,12727,12787,78709
2025-10-29 00:00:00+05:30,12786,12793,12513,12619,22032
2025-10-30 00:00:00+05:30,12700,12700,12350,12446,23844
2025-10-31 00:00:00+05:30,12534,12534,12273,12303,29810
2025-11-03 00:00:00+05:30,12303,12303,12014,12127,42681
2025-11-04 00:00:00+05:30,12106,12463,12006,12091,35113
2025-11-06 00:00:00+05:30,12139,13250,12015,13139,706323
2025-11-07 00:00:00+05:30,13000,13000,12510,12580,87011
2025-11-10 00:00:00+05:30,12594,13157,12570,12614,85196
2025-11-11 00:00:00+05:30,12614,12634,12050,12156,73726
2025-11-12 00:00:00+05:30,12499,12500,11934,11998,82679
2025-11-13 00:00:00+05:30,12000,12133,11964,11981,40621
2025-11-14 00:00:00+05:30,12041,12642,12019,12570,174364
2025-11-17 00:00:00+05:30,12574,12964,12090,12124,110495
2025-11-18 00:00:00+05:30,12159,12189,11828,11872,85666
2025-11-19 00:00:00+05:30,11949,11959,11679,11733,61239
2025-11-20 00:00:00+05:30,11679,11809,11667,11747,39186
2025-11-21 00:00:00+05:30,11747,11824,11601,11641,54164
2025-11-24 00:00:00+05:30,11721,11731,11351,11473,161587
2025-11-25 00:00:00+05:30,11500,11690,11352,11640,41900
2025-11-26 00:00:00+05:30,11690,11818,11425,11734,65740
2025-11-27 00:00:00+05:30,11740,11773,11221,11246,112924
2025-11-28 00:00:00+05:30,11329,11615,11100,11499,198137
2025-12-01 00:00:00+05:30,11519,11846,11300,11332,131948
2025-12-02 00:00:00+05:30,11300,11300,10922,11049,359605
2025-12-03 00:00:00+05:30,11116,11320,10985,11222,186376
2025-12-04 00:00:00+05:30,11249,11379,11080,11118,60360
2025-12-05 00:00:00+05:30,11121,11266,10980,11181,194196
2025-12-08 00:00:00+05:30,11100,11172,10890,10968,62994
2025-12-09 00:00:00+05:30,10988,11127,10880,11063,60470
2025-12-10 00:00:00+05:30,11062,11165,10977,11102,43035
2025-12-11 00:00:00+05:30,11089,11174,10968,10984,31891
2025-12-12 00:00:00+05:30,11035,11089,10880,10900,37619
2025-12-15 00:00:00+05:30,10905,11098,10830,11062,52244
2025-12-16 00:00:00+05:30,11032,11152,10945,11068,65436
2025-12-17 00:00:00+05:30,11075,11140,10987,11072,26971
2025-12-18 00:00:00+05:30,11106,11106,10800,10941,29991
2025-12-19 00:00:00+05:30,11020,11270,10962,11148,72371
2025-12-22 00:00:00+05:30,11158,11337,11102,11255,36705
2025-12-23 00:00:00+05:30,11255,11310,11186,11279,25921
2025-12-24 00:00:00+05:30,11240,11302,11198,11224,16358
2025-12-26 00:00:00+05:30,11199,11295,11149,11155,14887
2025-12-29 00:00:00+05:30,11120,11330,11120,11250,21182
2025-12-30 00:00:00+05:30,11236,11420,10913,10982,81987
2025-12-31 00:00:00+05:30,11020,11500,11020,11328,135869
2026-01-01 00:00:00+05:30,11350,11438,11220,11342,37154
2026-01-02 00:00:00+05:30,11342,11342,11072,11181,58889
2026-01-05 00:00:00+05:30,11199,11392,11100,11272,67952
2026-01-06 00:00:00+05:30,11272,11343,11101,11202,54515
2026-01-07 00:00:00+05:30,11224,11247,11029,11198,47399
2026-01-08 00:00:00+05:30,11200,11660,11138,11209,287380
2026-01-09 00:00:00+05:30,11201,11272,11016,11043,61206
2026-01-12 00:00:00+05:30,11134,11161,10640,10745,133197
2026-01-13 00:00:00+05:30,10785,10980,10624,10729,128939
2026-01-14 00:00:00+05:30,10799,10820,10600,10741,88075
2026-01-16 00:00:00+05:30,10799,10810,10621,10682,52028
2026-01-19 00:00:00+05:30,10631,10788,10505,10648,42224
2026-01-20 00:00:00+05:30,10689,10689,10520,10560,45417
2026-01-21 00:00:00+05:30,10561,10661,10540,10613,43298
2026-01-22 00:00:00+05:30,10649,10787,10639,10735,33459
2026-01-23 00:00:00+05:30,10767,10785,10596,10668,131490
2026-01-27 00:00:00+05:30,10711,10744,10481,10609,76057
2026-01-28 00:00:00+05:30,10582,10754,10580,10704,50260
2026-01-29 00:00:00+05:30,10749,10775,10641,10727,37478
2026-01-30 00:00:00+05:30,10640,10860,10640,10800,66246
2026-02-01 00:00:00+05:30,10800,10800,10453,10521,16670
2026-02-02 00:00:00+05:30,10560,10697,10400,10661,46807
2026-02-03 00:00:00+05:30,10800,11035,10800,10915,83810
2026-02-04 00:00:00+05:30,10915,11086,10827,10889,48360
2026-02-05 00:00:00+05:30,11000,11310,10816,10891,211732
2026-02-06 00:00:00+05:30,10915,11023,10675,10999,53765
2026-02-09 00:00:00+05:30,11032,11139,10957,11101,52907
2026-02-10 00:00:00+05:30,11063,11150,11005,11081,33459
2026-02-11 00:00:00+05:30,11097,11195,11015,11111,28692
2026-02-12 00:00:00+05:30,11113,11181,11000,11040,24946
2026-02-13 00:00:00+05:30,11040,11040,10821,10881,32683
2026-02-16 00:00:00+05:30,10881,11239,10862,11133,46053
2026-02-17 00:00:00+05:30,11205,11274,11033,11217,34140
2026-02-18 00:00:00+05:30,11236,11440,11226,11413,58482
2026-02-19 00:00:00+05:30,11388,11460,11100,11188,68967
2026-02-20 00:00:00+05:30,11188,11217,10949,11188,61661
2026-02-23 00:00:00+05:30,11220,11632,11150,11501,137005
2026-02-24 00:00:00+05:30,11524,11558,11399,11532,21928
